--------------------------------------------------------
-- Archivo creado  - jueves-octubre-09-2025   
--------------------------------------------------------
--------------------------------------------------------
--  DDL for Table ATTENDANCES
--------------------------------------------------------

  CREATE TABLE "GYM_ADMIN"."ATTENDANCES" 
   (	"ID" NUMBER GENERATED BY DEFAULT AS IDENTITY MINVALUE 1 MAXVALUE 9999999999999999999999999999 INCREMENT BY 1 START WITH 1 CACHE 20 NOORDER  NOCYCLE  NOKEEP  NOSCALE , 
	"ATTENDANCE_DATE" DATE, 
	"MEMBER_ID" NUMBER
   ) SEGMENT CREATION IMMEDIATE 
  PCTFREE 10 PCTUSED 40 INITRANS 1 MAXTRANS 255 
 NOCOMPRESS LOGGING
  STORAGE(INITIAL 65536 NEXT 1048576 MINEXTENTS 1 MAXEXTENTS 2147483645
  PCTINCREASE 0 FREELISTS 1 FREELIST GROUPS 1
  BUFFER_POOL DEFAULT FLASH_CACHE DEFAULT CELL_FLASH_CACHE DEFAULT)
  TABLESPACE "USERS" ;
--------------------------------------------------------
--  DDL for Table EXERCISES
--------------------------------------------------------

  CREATE TABLE "GYM_ADMIN"."EXERCISES" 
   (	"ID" NUMBER GENERATED BY DEFAULT AS IDENTITY MINVALUE 1 MAXVALUE 9999999999999999999999999999 INCREMENT BY 1 START WITH 1 CACHE 20 NOORDER  NOCYCLE  NOKEEP  NOSCALE , 
	"NAME" VARCHAR2(50 BYTE), 
	"DESCRIPTION" VARCHAR2(200 BYTE), 
	"MUSCLE_GROUP" VARCHAR2(50 BYTE)
   ) SEGMENT CREATION IMMEDIATE 
  PCTFREE 10 PCTUSED 40 INITRANS 1 MAXTRANS 255 
 NOCOMPRESS LOGGING
  STORAGE(INITIAL 65536 NEXT 1048576 MINEXTENTS 1 MAXEXTENTS 2147483645
  PCTINCREASE 0 FREELISTS 1 FREELIST GROUPS 1
  BUFFER_POOL DEFAULT FLASH_CACHE DEFAULT CELL_FLASH_CACHE DEFAULT)
  TABLESPACE "USERS" ;
--------------------------------------------------------
--  DDL for Table MEMBERS
--------------------------------------------------------

  CREATE TABLE "GYM_ADMIN"."MEMBERS" 
   (	"ID" NUMBER GENERATED BY DEFAULT AS IDENTITY MINVALUE 1 MAXVALUE 9999999999999999999999999999 INCREMENT BY 1 START WITH 1 CACHE 20 NOORDER  NOCYCLE  NOKEEP  NOSCALE , 
	"NAME" VARCHAR2(100 BYTE), 
	"EMAIL" VARCHAR2(120 BYTE), 
	"PHONE" VARCHAR2(15 BYTE), 
	"ADDRESS" VARCHAR2(100 BYTE)
   ) SEGMENT CREATION IMMEDIATE 
  PCTFREE 10 PCTUSED 40 INITRANS 1 MAXTRANS 255 
 NOCOMPRESS LOGGING
  STORAGE(INITIAL 65536 NEXT 1048576 MINEXTENTS 1 MAXEXTENTS 2147483645
  PCTINCREASE 0 FREELISTS 1 FREELIST GROUPS 1
  BUFFER_POOL DEFAULT FLASH_CACHE DEFAULT CELL_FLASH_CACHE DEFAULT)
  TABLESPACE "USERS" ;
--------------------------------------------------------
--  DDL for Table MEMBERSHIPS
--------------------------------------------------------

  CREATE TABLE "GYM_ADMIN"."MEMBERSHIPS" 
   (	"ID" NUMBER GENERATED BY DEFAULT AS IDENTITY MINVALUE 1 MAXVALUE 9999999999999999999999999999 INCREMENT BY 1 START WITH 1 CACHE 20 NOORDER  NOCYCLE  NOKEEP  NOSCALE , 
	"START_DATE" DATE, 
	"END_DATE" DATE, 
	"MEMBER_ID" NUMBER, 
	"PLAN_ID" NUMBER, 
	"TRAINER_ID" NUMBER
   ) SEGMENT CREATION IMMEDIATE 
  PCTFREE 10 PCTUSED 40 INITRANS 1 MAXTRANS 255 
 NOCOMPRESS LOGGING
  STORAGE(INITIAL 65536 NEXT 1048576 MINEXTENTS 1 MAXEXTENTS 2147483645
  PCTINCREASE 0 FREELISTS 1 FREELIST GROUPS 1
  BUFFER_POOL DEFAULT FLASH_CACHE DEFAULT CELL_FLASH_CACHE DEFAULT)
  TABLESPACE "USERS" ;
--------------------------------------------------------
--  DDL for Table PAYMENTS
--------------------------------------------------------

  CREATE TABLE "GYM_ADMIN"."PAYMENTS" 
   (	"ID" NUMBER GENERATED BY DEFAULT AS IDENTITY MINVALUE 1 MAXVALUE 9999999999999999999999999999 INCREMENT BY 1 START WITH 1 CACHE 20 NOORDER  NOCYCLE  NOKEEP  NOSCALE , 
	"AMOUNT" NUMBER(10,2), 
	"PAYMENT_DATE" DATE, 
	"MEMBERSHIP_ID" NUMBER
   ) SEGMENT CREATION IMMEDIATE 
  PCTFREE 10 PCTUSED 40 INITRANS 1 MAXTRANS 255 
 NOCOMPRESS LOGGING
  STORAGE(INITIAL 65536 NEXT 1048576 MINEXTENTS 1 MAXEXTENTS 2147483645
  PCTINCREASE 0 FREELISTS 1 FREELIST GROUPS 1
  BUFFER_POOL DEFAULT FLASH_CACHE DEFAULT CELL_FLASH_CACHE DEFAULT)
  TABLESPACE "USERS" ;
--------------------------------------------------------
--  DDL for Table PLANS
--------------------------------------------------------

  CREATE TABLE "GYM_ADMIN"."PLANS" 
   (	"ID" NUMBER GENERATED BY DEFAULT AS IDENTITY MINVALUE 1 MAXVALUE 9999999999999999999999999999 INCREMENT BY 1 START WITH 1 CACHE 20 NOORDER  NOCYCLE  NOKEEP  NOSCALE , 
	"NAME" VARCHAR2(50 BYTE), 
	"DESCRIPTION" VARCHAR2(200 BYTE), 
	"PRICE" NUMBER(10,2)
   ) SEGMENT CREATION IMMEDIATE 
  PCTFREE 10 PCTUSED 40 INITRANS 1 MAXTRANS 255 
 NOCOMPRESS LOGGING
  STORAGE(INITIAL 65536 NEXT 1048576 MINEXTENTS 1 MAXEXTENTS 2147483645
  PCTINCREASE 0 FREELISTS 1 FREELIST GROUPS 1
  BUFFER_POOL DEFAULT FLASH_CACHE DEFAULT CELL_FLASH_CACHE DEFAULT)
  TABLESPACE "USERS" ;
--------------------------------------------------------
--  DDL for Table ROUTINE_EXERCISES
--------------------------------------------------------

  CREATE TABLE "GYM_ADMIN"."ROUTINE_EXERCISES" 
   (	"ROUTINE_ID" NUMBER, 
	"EXERCISE_ID" NUMBER
   ) SEGMENT CREATION IMMEDIATE 
  PCTFREE 10 PCTUSED 40 INITRANS 1 MAXTRANS 255 
 NOCOMPRESS LOGGING
  STORAGE(INITIAL 65536 NEXT 1048576 MINEXTENTS 1 MAXEXTENTS 2147483645
  PCTINCREASE 0 FREELISTS 1 FREELIST GROUPS 1
  BUFFER_POOL DEFAULT FLASH_CACHE DEFAULT CELL_FLASH_CACHE DEFAULT)
  TABLESPACE "USERS" ;
--------------------------------------------------------
--  DDL for Table ROUTINES
--------------------------------------------------------

  CREATE TABLE "GYM_ADMIN"."ROUTINES" 
   (	"ID" NUMBER GENERATED BY DEFAULT AS IDENTITY MINVALUE 1 MAXVALUE 9999999999999999999999999999 INCREMENT BY 1 START WITH 1 CACHE 20 NOORDER  NOCYCLE  NOKEEP  NOSCALE , 
	"NAME" VARCHAR2(50 BYTE), 
	"DESCRIPTION" VARCHAR2(200 BYTE), 
	"MEMBER_ID" NUMBER, 
	"TRAINER_ID" NUMBER
   ) SEGMENT CREATION IMMEDIATE 
  PCTFREE 10 PCTUSED 40 INITRANS 1 MAXTRANS 255 
 NOCOMPRESS LOGGING
  STORAGE(INITIAL 65536 NEXT 1048576 MINEXTENTS 1 MAXEXTENTS 2147483645
  PCTINCREASE 0 FREELISTS 1 FREELIST GROUPS 1
  BUFFER_POOL DEFAULT FLASH_CACHE DEFAULT CELL_FLASH_CACHE DEFAULT)
  TABLESPACE "USERS" ;
--------------------------------------------------------
--  DDL for Table TRAINERS
--------------------------------------------------------

  CREATE TABLE "GYM_ADMIN"."TRAINERS" 
   (	"ID" NUMBER GENERATED BY DEFAULT AS IDENTITY MINVALUE 1 MAXVALUE 9999999999999999999999999999 INCREMENT BY 1 START WITH 1 CACHE 20 NOORDER  NOCYCLE  NOKEEP  NOSCALE , 
	"NAME" VARCHAR2(100 BYTE), 
	"SPECIALTY" VARCHAR2(80 BYTE)
   ) SEGMENT CREATION IMMEDIATE 
  PCTFREE 10 PCTUSED 40 INITRANS 1 MAXTRANS 255 
 NOCOMPRESS LOGGING
  STORAGE(INITIAL 65536 NEXT 1048576 MINEXTENTS 1 MAXEXTENTS 2147483645
  PCTINCREASE 0 FREELISTS 1 FREELIST GROUPS 1
  BUFFER_POOL DEFAULT FLASH_CACHE DEFAULT CELL_FLASH_CACHE DEFAULT)
  TABLESPACE "USERS" ;
REM INSERTING into GYM_ADMIN.ATTENDANCES
SET DEFINE OFF;
Insert into GYM_ADMIN.ATTENDANCES (ID,ATTENDANCE_DATE,MEMBER_ID) values ('1',to_date('02/01/25','DD/MM/RR'),'1');
Insert into GYM_ADMIN.ATTENDANCES (ID,ATTENDANCE_DATE,MEMBER_ID) values ('2',to_date('05/01/25','DD/MM/RR'),'1');
Insert into GYM_ADMIN.ATTENDANCES (ID,ATTENDANCE_DATE,MEMBER_ID) values ('3',to_date('16/01/25','DD/MM/RR'),'2');
Insert into GYM_ADMIN.ATTENDANCES (ID,ATTENDANCE_DATE,MEMBER_ID) values ('4',to_date('02/02/25','DD/MM/RR'),'3');
Insert into GYM_ADMIN.ATTENDANCES (ID,ATTENDANCE_DATE,MEMBER_ID) values ('5',to_date('12/02/25','DD/MM/RR'),'4');
Insert into GYM_ADMIN.ATTENDANCES (ID,ATTENDANCE_DATE,MEMBER_ID) values ('6',to_date('03/03/25','DD/MM/RR'),'5');
Insert into GYM_ADMIN.ATTENDANCES (ID,ATTENDANCE_DATE,MEMBER_ID) values ('21',to_date('26/05/25','DD/MM/RR'),'1');
Insert into GYM_ADMIN.ATTENDANCES (ID,ATTENDANCE_DATE,MEMBER_ID) values ('22',to_date('02/06/25','DD/MM/RR'),'2');
Insert into GYM_ADMIN.ATTENDANCES (ID,ATTENDANCE_DATE,MEMBER_ID) values ('23',to_date('05/03/25','DD/MM/RR'),'3');
Insert into GYM_ADMIN.ATTENDANCES (ID,ATTENDANCE_DATE,MEMBER_ID) values ('24',to_date('07/08/25','DD/MM/RR'),'4');
Insert into GYM_ADMIN.ATTENDANCES (ID,ATTENDANCE_DATE,MEMBER_ID) values ('25',to_date('18/01/25','DD/MM/RR'),'5');
Insert into GYM_ADMIN.ATTENDANCES (ID,ATTENDANCE_DATE,MEMBER_ID) values ('26',to_date('06/11/25','DD/MM/RR'),'6');
Insert into GYM_ADMIN.ATTENDANCES (ID,ATTENDANCE_DATE,MEMBER_ID) values ('27',to_date('11/03/25','DD/MM/RR'),'7');
Insert into GYM_ADMIN.ATTENDANCES (ID,ATTENDANCE_DATE,MEMBER_ID) values ('28',to_date('10/08/25','DD/MM/RR'),'8');
Insert into GYM_ADMIN.ATTENDANCES (ID,ATTENDANCE_DATE,MEMBER_ID) values ('29',to_date('10/02/25','DD/MM/RR'),'9');
Insert into GYM_ADMIN.ATTENDANCES (ID,ATTENDANCE_DATE,MEMBER_ID) values ('30',to_date('26/02/25','DD/MM/RR'),'10');
Insert into GYM_ADMIN.ATTENDANCES (ID,ATTENDANCE_DATE,MEMBER_ID) values ('31',to_date('25/07/25','DD/MM/RR'),'11');
Insert into GYM_ADMIN.ATTENDANCES (ID,ATTENDANCE_DATE,MEMBER_ID) values ('32',to_date('26/11/25','DD/MM/RR'),'12');
Insert into GYM_ADMIN.ATTENDANCES (ID,ATTENDANCE_DATE,MEMBER_ID) values ('33',to_date('27/08/25','DD/MM/RR'),'13');
Insert into GYM_ADMIN.ATTENDANCES (ID,ATTENDANCE_DATE,MEMBER_ID) values ('34',to_date('12/08/25','DD/MM/RR'),'14');
Insert into GYM_ADMIN.ATTENDANCES (ID,ATTENDANCE_DATE,MEMBER_ID) values ('35',to_date('17/08/25','DD/MM/RR'),'15');
Insert into GYM_ADMIN.ATTENDANCES (ID,ATTENDANCE_DATE,MEMBER_ID) values ('36',to_date('18/08/25','DD/MM/RR'),'16');
Insert into GYM_ADMIN.ATTENDANCES (ID,ATTENDANCE_DATE,MEMBER_ID) values ('37',to_date('15/02/25','DD/MM/RR'),'17');
Insert into GYM_ADMIN.ATTENDANCES (ID,ATTENDANCE_DATE,MEMBER_ID) values ('38',to_date('01/09/25','DD/MM/RR'),'18');
Insert into GYM_ADMIN.ATTENDANCES (ID,ATTENDANCE_DATE,MEMBER_ID) values ('39',to_date('04/09/25','DD/MM/RR'),'19');
Insert into GYM_ADMIN.ATTENDANCES (ID,ATTENDANCE_DATE,MEMBER_ID) values ('40',to_date('13/02/25','DD/MM/RR'),'20');
Insert into GYM_ADMIN.ATTENDANCES (ID,ATTENDANCE_DATE,MEMBER_ID) values ('41',to_date('28/02/25','DD/MM/RR'),'21');
Insert into GYM_ADMIN.ATTENDANCES (ID,ATTENDANCE_DATE,MEMBER_ID) values ('42',to_date('22/09/25','DD/MM/RR'),'22');
Insert into GYM_ADMIN.ATTENDANCES (ID,ATTENDANCE_DATE,MEMBER_ID) values ('43',to_date('16/06/25','DD/MM/RR'),'23');
Insert into GYM_ADMIN.ATTENDANCES (ID,ATTENDANCE_DATE,MEMBER_ID) values ('44',to_date('06/08/25','DD/MM/RR'),'24');
Insert into GYM_ADMIN.ATTENDANCES (ID,ATTENDANCE_DATE,MEMBER_ID) values ('45',to_date('30/05/25','DD/MM/RR'),'25');
Insert into GYM_ADMIN.ATTENDANCES (ID,ATTENDANCE_DATE,MEMBER_ID) values ('46',to_date('23/12/25','DD/MM/RR'),'26');
Insert into GYM_ADMIN.ATTENDANCES (ID,ATTENDANCE_DATE,MEMBER_ID) values ('47',to_date('30/05/25','DD/MM/RR'),'27');
Insert into GYM_ADMIN.ATTENDANCES (ID,ATTENDANCE_DATE,MEMBER_ID) values ('48',to_date('17/11/25','DD/MM/RR'),'28');
Insert into GYM_ADMIN.ATTENDANCES (ID,ATTENDANCE_DATE,MEMBER_ID) values ('49',to_date('23/10/25','DD/MM/RR'),'29');
Insert into GYM_ADMIN.ATTENDANCES (ID,ATTENDANCE_DATE,MEMBER_ID) values ('50',to_date('06/03/25','DD/MM/RR'),'30');
Insert into GYM_ADMIN.ATTENDANCES (ID,ATTENDANCE_DATE,MEMBER_ID) values ('51',to_date('23/02/25','DD/MM/RR'),'31');
Insert into GYM_ADMIN.ATTENDANCES (ID,ATTENDANCE_DATE,MEMBER_ID) values ('52',to_date('07/02/25','DD/MM/RR'),'32');
Insert into GYM_ADMIN.ATTENDANCES (ID,ATTENDANCE_DATE,MEMBER_ID) values ('53',to_date('27/12/25','DD/MM/RR'),'33');
Insert into GYM_ADMIN.ATTENDANCES (ID,ATTENDANCE_DATE,MEMBER_ID) values ('54',to_date('13/12/25','DD/MM/RR'),'34');
Insert into GYM_ADMIN.ATTENDANCES (ID,ATTENDANCE_DATE,MEMBER_ID) values ('55',to_date('23/12/25','DD/MM/RR'),'35');
Insert into GYM_ADMIN.ATTENDANCES (ID,ATTENDANCE_DATE,MEMBER_ID) values ('56',to_date('29/05/25','DD/MM/RR'),'36');
Insert into GYM_ADMIN.ATTENDANCES (ID,ATTENDANCE_DATE,MEMBER_ID) values ('57',to_date('25/05/25','DD/MM/RR'),'37');
Insert into GYM_ADMIN.ATTENDANCES (ID,ATTENDANCE_DATE,MEMBER_ID) values ('58',to_date('12/11/25','DD/MM/RR'),'38');
Insert into GYM_ADMIN.ATTENDANCES (ID,ATTENDANCE_DATE,MEMBER_ID) values ('59',to_date('03/02/25','DD/MM/RR'),'39');
Insert into GYM_ADMIN.ATTENDANCES (ID,ATTENDANCE_DATE,MEMBER_ID) values ('60',to_date('14/02/25','DD/MM/RR'),'40');
Insert into GYM_ADMIN.ATTENDANCES (ID,ATTENDANCE_DATE,MEMBER_ID) values ('61',to_date('10/03/25','DD/MM/RR'),'41');
Insert into GYM_ADMIN.ATTENDANCES (ID,ATTENDANCE_DATE,MEMBER_ID) values ('62',to_date('15/07/25','DD/MM/RR'),'42');
Insert into GYM_ADMIN.ATTENDANCES (ID,ATTENDANCE_DATE,MEMBER_ID) values ('63',to_date('21/11/25','DD/MM/RR'),'43');
Insert into GYM_ADMIN.ATTENDANCES (ID,ATTENDANCE_DATE,MEMBER_ID) values ('64',to_date('09/07/25','DD/MM/RR'),'44');
Insert into GYM_ADMIN.ATTENDANCES (ID,ATTENDANCE_DATE,MEMBER_ID) values ('65',to_date('18/05/25','DD/MM/RR'),'45');
Insert into GYM_ADMIN.ATTENDANCES (ID,ATTENDANCE_DATE,MEMBER_ID) values ('66',to_date('01/04/25','DD/MM/RR'),'46');
Insert into GYM_ADMIN.ATTENDANCES (ID,ATTENDANCE_DATE,MEMBER_ID) values ('67',to_date('25/12/25','DD/MM/RR'),'47');
Insert into GYM_ADMIN.ATTENDANCES (ID,ATTENDANCE_DATE,MEMBER_ID) values ('68',to_date('15/12/25','DD/MM/RR'),'48');
Insert into GYM_ADMIN.ATTENDANCES (ID,ATTENDANCE_DATE,MEMBER_ID) values ('69',to_date('05/04/25','DD/MM/RR'),'49');
Insert into GYM_ADMIN.ATTENDANCES (ID,ATTENDANCE_DATE,MEMBER_ID) values ('70',to_date('26/06/25','DD/MM/RR'),'50');
Insert into GYM_ADMIN.ATTENDANCES (ID,ATTENDANCE_DATE,MEMBER_ID) values ('71',to_date('22/08/25','DD/MM/RR'),'51');
Insert into GYM_ADMIN.ATTENDANCES (ID,ATTENDANCE_DATE,MEMBER_ID) values ('72',to_date('04/07/25','DD/MM/RR'),'52');
Insert into GYM_ADMIN.ATTENDANCES (ID,ATTENDANCE_DATE,MEMBER_ID) values ('73',to_date('05/11/25','DD/MM/RR'),'53');
Insert into GYM_ADMIN.ATTENDANCES (ID,ATTENDANCE_DATE,MEMBER_ID) values ('74',to_date('01/04/25','DD/MM/RR'),'54');
Insert into GYM_ADMIN.ATTENDANCES (ID,ATTENDANCE_DATE,MEMBER_ID) values ('75',to_date('27/06/25','DD/MM/RR'),'55');
Insert into GYM_ADMIN.ATTENDANCES (ID,ATTENDANCE_DATE,MEMBER_ID) values ('76',to_date('22/10/25','DD/MM/RR'),'56');
Insert into GYM_ADMIN.ATTENDANCES (ID,ATTENDANCE_DATE,MEMBER_ID) values ('77',to_date('24/05/25','DD/MM/RR'),'57');
Insert into GYM_ADMIN.ATTENDANCES (ID,ATTENDANCE_DATE,MEMBER_ID) values ('78',to_date('01/08/25','DD/MM/RR'),'58');
Insert into GYM_ADMIN.ATTENDANCES (ID,ATTENDANCE_DATE,MEMBER_ID) values ('79',to_date('24/06/25','DD/MM/RR'),'59');
Insert into GYM_ADMIN.ATTENDANCES (ID,ATTENDANCE_DATE,MEMBER_ID) values ('80',to_date('09/11/25','DD/MM/RR'),'60');
Insert into GYM_ADMIN.ATTENDANCES (ID,ATTENDANCE_DATE,MEMBER_ID) values ('81',to_date('09/01/25','DD/MM/RR'),'61');
Insert into GYM_ADMIN.ATTENDANCES (ID,ATTENDANCE_DATE,MEMBER_ID) values ('82',to_date('03/05/25','DD/MM/RR'),'62');
Insert into GYM_ADMIN.ATTENDANCES (ID,ATTENDANCE_DATE,MEMBER_ID) values ('83',to_date('16/09/25','DD/MM/RR'),'63');
Insert into GYM_ADMIN.ATTENDANCES (ID,ATTENDANCE_DATE,MEMBER_ID) values ('84',to_date('05/02/25','DD/MM/RR'),'64');
Insert into GYM_ADMIN.ATTENDANCES (ID,ATTENDANCE_DATE,MEMBER_ID) values ('85',to_date('08/02/25','DD/MM/RR'),'65');
Insert into GYM_ADMIN.ATTENDANCES (ID,ATTENDANCE_DATE,MEMBER_ID) values ('86',to_date('17/07/25','DD/MM/RR'),'66');
Insert into GYM_ADMIN.ATTENDANCES (ID,ATTENDANCE_DATE,MEMBER_ID) values ('87',to_date('23/04/25','DD/MM/RR'),'67');
Insert into GYM_ADMIN.ATTENDANCES (ID,ATTENDANCE_DATE,MEMBER_ID) values ('88',to_date('18/01/25','DD/MM/RR'),'68');
Insert into GYM_ADMIN.ATTENDANCES (ID,ATTENDANCE_DATE,MEMBER_ID) values ('89',to_date('23/06/25','DD/MM/RR'),'69');
Insert into GYM_ADMIN.ATTENDANCES (ID,ATTENDANCE_DATE,MEMBER_ID) values ('90',to_date('19/09/25','DD/MM/RR'),'70');
Insert into GYM_ADMIN.ATTENDANCES (ID,ATTENDANCE_DATE,MEMBER_ID) values ('91',to_date('02/10/25','DD/MM/RR'),'71');
Insert into GYM_ADMIN.ATTENDANCES (ID,ATTENDANCE_DATE,MEMBER_ID) values ('92',to_date('24/04/25','DD/MM/RR'),'72');
Insert into GYM_ADMIN.ATTENDANCES (ID,ATTENDANCE_DATE,MEMBER_ID) values ('93',to_date('16/03/25','DD/MM/RR'),'73');
Insert into GYM_ADMIN.ATTENDANCES (ID,ATTENDANCE_DATE,MEMBER_ID) values ('94',to_date('26/07/25','DD/MM/RR'),'74');
Insert into GYM_ADMIN.ATTENDANCES (ID,ATTENDANCE_DATE,MEMBER_ID) values ('95',to_date('21/08/25','DD/MM/RR'),'75');
Insert into GYM_ADMIN.ATTENDANCES (ID,ATTENDANCE_DATE,MEMBER_ID) values ('96',to_date('15/07/25','DD/MM/RR'),'76');
Insert into GYM_ADMIN.ATTENDANCES (ID,ATTENDANCE_DATE,MEMBER_ID) values ('97',to_date('22/12/25','DD/MM/RR'),'77');
Insert into GYM_ADMIN.ATTENDANCES (ID,ATTENDANCE_DATE,MEMBER_ID) values ('98',to_date('09/06/25','DD/MM/RR'),'78');
Insert into GYM_ADMIN.ATTENDANCES (ID,ATTENDANCE_DATE,MEMBER_ID) values ('99',to_date('21/07/25','DD/MM/RR'),'79');
Insert into GYM_ADMIN.ATTENDANCES (ID,ATTENDANCE_DATE,MEMBER_ID) values ('100',to_date('01/09/25','DD/MM/RR'),'80');
Insert into GYM_ADMIN.ATTENDANCES (ID,ATTENDANCE_DATE,MEMBER_ID) values ('101',to_date('18/06/25','DD/MM/RR'),'81');
Insert into GYM_ADMIN.ATTENDANCES (ID,ATTENDANCE_DATE,MEMBER_ID) values ('102',to_date('18/01/25','DD/MM/RR'),'82');
Insert into GYM_ADMIN.ATTENDANCES (ID,ATTENDANCE_DATE,MEMBER_ID) values ('103',to_date('20/05/25','DD/MM/RR'),'83');
Insert into GYM_ADMIN.ATTENDANCES (ID,ATTENDANCE_DATE,MEMBER_ID) values ('104',to_date('28/08/25','DD/MM/RR'),'84');
Insert into GYM_ADMIN.ATTENDANCES (ID,ATTENDANCE_DATE,MEMBER_ID) values ('105',to_date('05/06/25','DD/MM/RR'),'85');
Insert into GYM_ADMIN.ATTENDANCES (ID,ATTENDANCE_DATE,MEMBER_ID) values ('106',to_date('19/08/25','DD/MM/RR'),'86');
Insert into GYM_ADMIN.ATTENDANCES (ID,ATTENDANCE_DATE,MEMBER_ID) values ('107',to_date('29/11/25','DD/MM/RR'),'87');
Insert into GYM_ADMIN.ATTENDANCES (ID,ATTENDANCE_DATE,MEMBER_ID) values ('108',to_date('19/05/25','DD/MM/RR'),'88');
Insert into GYM_ADMIN.ATTENDANCES (ID,ATTENDANCE_DATE,MEMBER_ID) values ('109',to_date('14/07/25','DD/MM/RR'),'89');
Insert into GYM_ADMIN.ATTENDANCES (ID,ATTENDANCE_DATE,MEMBER_ID) values ('110',to_date('15/06/25','DD/MM/RR'),'90');
Insert into GYM_ADMIN.ATTENDANCES (ID,ATTENDANCE_DATE,MEMBER_ID) values ('111',to_date('06/04/25','DD/MM/RR'),'91');
Insert into GYM_ADMIN.ATTENDANCES (ID,ATTENDANCE_DATE,MEMBER_ID) values ('112',to_date('03/06/25','DD/MM/RR'),'92');
Insert into GYM_ADMIN.ATTENDANCES (ID,ATTENDANCE_DATE,MEMBER_ID) values ('113',to_date('15/03/25','DD/MM/RR'),'93');
Insert into GYM_ADMIN.ATTENDANCES (ID,ATTENDANCE_DATE,MEMBER_ID) values ('114',to_date('20/10/25','DD/MM/RR'),'94');
Insert into GYM_ADMIN.ATTENDANCES (ID,ATTENDANCE_DATE,MEMBER_ID) values ('115',to_date('22/03/25','DD/MM/RR'),'95');
Insert into GYM_ADMIN.ATTENDANCES (ID,ATTENDANCE_DATE,MEMBER_ID) values ('116',to_date('17/04/25','DD/MM/RR'),'96');
Insert into GYM_ADMIN.ATTENDANCES (ID,ATTENDANCE_DATE,MEMBER_ID) values ('117',to_date('29/01/25','DD/MM/RR'),'97');
Insert into GYM_ADMIN.ATTENDANCES (ID,ATTENDANCE_DATE,MEMBER_ID) values ('118',to_date('14/03/25','DD/MM/RR'),'98');
Insert into GYM_ADMIN.ATTENDANCES (ID,ATTENDANCE_DATE,MEMBER_ID) values ('119',to_date('27/07/25','DD/MM/RR'),'99');
Insert into GYM_ADMIN.ATTENDANCES (ID,ATTENDANCE_DATE,MEMBER_ID) values ('120',to_date('08/11/25','DD/MM/RR'),'100');
Insert into GYM_ADMIN.ATTENDANCES (ID,ATTENDANCE_DATE,MEMBER_ID) values ('121',to_date('19/12/25','DD/MM/RR'),'1');
Insert into GYM_ADMIN.ATTENDANCES (ID,ATTENDANCE_DATE,MEMBER_ID) values ('122',to_date('25/09/25','DD/MM/RR'),'2');
Insert into GYM_ADMIN.ATTENDANCES (ID,ATTENDANCE_DATE,MEMBER_ID) values ('123',to_date('08/04/25','DD/MM/RR'),'3');
Insert into GYM_ADMIN.ATTENDANCES (ID,ATTENDANCE_DATE,MEMBER_ID) values ('124',to_date('19/06/25','DD/MM/RR'),'4');
Insert into GYM_ADMIN.ATTENDANCES (ID,ATTENDANCE_DATE,MEMBER_ID) values ('125',to_date('19/01/25','DD/MM/RR'),'5');
Insert into GYM_ADMIN.ATTENDANCES (ID,ATTENDANCE_DATE,MEMBER_ID) values ('126',to_date('11/04/25','DD/MM/RR'),'6');
Insert into GYM_ADMIN.ATTENDANCES (ID,ATTENDANCE_DATE,MEMBER_ID) values ('127',to_date('15/01/25','DD/MM/RR'),'7');
Insert into GYM_ADMIN.ATTENDANCES (ID,ATTENDANCE_DATE,MEMBER_ID) values ('128',to_date('26/10/25','DD/MM/RR'),'8');
Insert into GYM_ADMIN.ATTENDANCES (ID,ATTENDANCE_DATE,MEMBER_ID) values ('129',to_date('08/09/25','DD/MM/RR'),'9');
Insert into GYM_ADMIN.ATTENDANCES (ID,ATTENDANCE_DATE,MEMBER_ID) values ('130',to_date('14/01/25','DD/MM/RR'),'10');
Insert into GYM_ADMIN.ATTENDANCES (ID,ATTENDANCE_DATE,MEMBER_ID) values ('131',to_date('23/06/25','DD/MM/RR'),'11');
Insert into GYM_ADMIN.ATTENDANCES (ID,ATTENDANCE_DATE,MEMBER_ID) values ('132',to_date('08/11/25','DD/MM/RR'),'12');
Insert into GYM_ADMIN.ATTENDANCES (ID,ATTENDANCE_DATE,MEMBER_ID) values ('133',to_date('19/08/25','DD/MM/RR'),'13');
Insert into GYM_ADMIN.ATTENDANCES (ID,ATTENDANCE_DATE,MEMBER_ID) values ('134',to_date('10/11/25','DD/MM/RR'),'14');
Insert into GYM_ADMIN.ATTENDANCES (ID,ATTENDANCE_DATE,MEMBER_ID) values ('135',to_date('06/07/25','DD/MM/RR'),'15');
Insert into GYM_ADMIN.ATTENDANCES (ID,ATTENDANCE_DATE,MEMBER_ID) values ('136',to_date('14/06/25','DD/MM/RR'),'16');
Insert into GYM_ADMIN.ATTENDANCES (ID,ATTENDANCE_DATE,MEMBER_ID) values ('137',to_date('20/12/25','DD/MM/RR'),'17');
Insert into GYM_ADMIN.ATTENDANCES (ID,ATTENDANCE_DATE,MEMBER_ID) values ('138',to_date('14/08/25','DD/MM/RR'),'18');
Insert into GYM_ADMIN.ATTENDANCES (ID,ATTENDANCE_DATE,MEMBER_ID) values ('139',to_date('24/06/25','DD/MM/RR'),'19');
Insert into GYM_ADMIN.ATTENDANCES (ID,ATTENDANCE_DATE,MEMBER_ID) values ('140',to_date('22/08/25','DD/MM/RR'),'20');
Insert into GYM_ADMIN.ATTENDANCES (ID,ATTENDANCE_DATE,MEMBER_ID) values ('141',to_date('30/12/25','DD/MM/RR'),'21');
Insert into GYM_ADMIN.ATTENDANCES (ID,ATTENDANCE_DATE,MEMBER_ID) values ('142',to_date('28/07/25','DD/MM/RR'),'22');
Insert into GYM_ADMIN.ATTENDANCES (ID,ATTENDANCE_DATE,MEMBER_ID) values ('143',to_date('21/06/25','DD/MM/RR'),'23');
Insert into GYM_ADMIN.ATTENDANCES (ID,ATTENDANCE_DATE,MEMBER_ID) values ('144',to_date('05/09/25','DD/MM/RR'),'24');
Insert into GYM_ADMIN.ATTENDANCES (ID,ATTENDANCE_DATE,MEMBER_ID) values ('145',to_date('08/07/25','DD/MM/RR'),'25');
Insert into GYM_ADMIN.ATTENDANCES (ID,ATTENDANCE_DATE,MEMBER_ID) values ('146',to_date('21/12/25','DD/MM/RR'),'26');
Insert into GYM_ADMIN.ATTENDANCES (ID,ATTENDANCE_DATE,MEMBER_ID) values ('147',to_date('08/08/25','DD/MM/RR'),'27');
Insert into GYM_ADMIN.ATTENDANCES (ID,ATTENDANCE_DATE,MEMBER_ID) values ('148',to_date('14/04/25','DD/MM/RR'),'28');
Insert into GYM_ADMIN.ATTENDANCES (ID,ATTENDANCE_DATE,MEMBER_ID) values ('149',to_date('06/10/25','DD/MM/RR'),'29');
Insert into GYM_ADMIN.ATTENDANCES (ID,ATTENDANCE_DATE,MEMBER_ID) values ('150',to_date('16/03/25','DD/MM/RR'),'30');
Insert into GYM_ADMIN.ATTENDANCES (ID,ATTENDANCE_DATE,MEMBER_ID) values ('151',to_date('22/05/25','DD/MM/RR'),'31');
Insert into GYM_ADMIN.ATTENDANCES (ID,ATTENDANCE_DATE,MEMBER_ID) values ('152',to_date('10/12/25','DD/MM/RR'),'32');
Insert into GYM_ADMIN.ATTENDANCES (ID,ATTENDANCE_DATE,MEMBER_ID) values ('153',to_date('04/03/25','DD/MM/RR'),'33');
Insert into GYM_ADMIN.ATTENDANCES (ID,ATTENDANCE_DATE,MEMBER_ID) values ('154',to_date('26/10/25','DD/MM/RR'),'34');
Insert into GYM_ADMIN.ATTENDANCES (ID,ATTENDANCE_DATE,MEMBER_ID) values ('155',to_date('18/02/25','DD/MM/RR'),'35');
Insert into GYM_ADMIN.ATTENDANCES (ID,ATTENDANCE_DATE,MEMBER_ID) values ('156',to_date('06/07/25','DD/MM/RR'),'36');
Insert into GYM_ADMIN.ATTENDANCES (ID,ATTENDANCE_DATE,MEMBER_ID) values ('157',to_date('29/04/25','DD/MM/RR'),'37');
Insert into GYM_ADMIN.ATTENDANCES (ID,ATTENDANCE_DATE,MEMBER_ID) values ('158',to_date('04/06/25','DD/MM/RR'),'38');
Insert into GYM_ADMIN.ATTENDANCES (ID,ATTENDANCE_DATE,MEMBER_ID) values ('159',to_date('23/06/25','DD/MM/RR'),'39');
Insert into GYM_ADMIN.ATTENDANCES (ID,ATTENDANCE_DATE,MEMBER_ID) values ('160',to_date('10/02/25','DD/MM/RR'),'40');
Insert into GYM_ADMIN.ATTENDANCES (ID,ATTENDANCE_DATE,MEMBER_ID) values ('161',to_date('02/09/25','DD/MM/RR'),'41');
Insert into GYM_ADMIN.ATTENDANCES (ID,ATTENDANCE_DATE,MEMBER_ID) values ('162',to_date('21/05/25','DD/MM/RR'),'42');
Insert into GYM_ADMIN.ATTENDANCES (ID,ATTENDANCE_DATE,MEMBER_ID) values ('163',to_date('27/03/25','DD/MM/RR'),'43');
Insert into GYM_ADMIN.ATTENDANCES (ID,ATTENDANCE_DATE,MEMBER_ID) values ('164',to_date('02/03/25','DD/MM/RR'),'44');
Insert into GYM_ADMIN.ATTENDANCES (ID,ATTENDANCE_DATE,MEMBER_ID) values ('165',to_date('25/04/25','DD/MM/RR'),'45');
Insert into GYM_ADMIN.ATTENDANCES (ID,ATTENDANCE_DATE,MEMBER_ID) values ('166',to_date('10/10/25','DD/MM/RR'),'46');
Insert into GYM_ADMIN.ATTENDANCES (ID,ATTENDANCE_DATE,MEMBER_ID) values ('167',to_date('15/11/25','DD/MM/RR'),'47');
Insert into GYM_ADMIN.ATTENDANCES (ID,ATTENDANCE_DATE,MEMBER_ID) values ('168',to_date('03/03/25','DD/MM/RR'),'48');
Insert into GYM_ADMIN.ATTENDANCES (ID,ATTENDANCE_DATE,MEMBER_ID) values ('169',to_date('03/06/25','DD/MM/RR'),'49');
Insert into GYM_ADMIN.ATTENDANCES (ID,ATTENDANCE_DATE,MEMBER_ID) values ('170',to_date('12/09/25','DD/MM/RR'),'50');
Insert into GYM_ADMIN.ATTENDANCES (ID,ATTENDANCE_DATE,MEMBER_ID) values ('171',to_date('06/12/25','DD/MM/RR'),'51');
Insert into GYM_ADMIN.ATTENDANCES (ID,ATTENDANCE_DATE,MEMBER_ID) values ('172',to_date('28/01/25','DD/MM/RR'),'52');
Insert into GYM_ADMIN.ATTENDANCES (ID,ATTENDANCE_DATE,MEMBER_ID) values ('173',to_date('08/10/25','DD/MM/RR'),'53');
Insert into GYM_ADMIN.ATTENDANCES (ID,ATTENDANCE_DATE,MEMBER_ID) values ('174',to_date('14/01/25','DD/MM/RR'),'54');
Insert into GYM_ADMIN.ATTENDANCES (ID,ATTENDANCE_DATE,MEMBER_ID) values ('175',to_date('13/07/25','DD/MM/RR'),'55');
Insert into GYM_ADMIN.ATTENDANCES (ID,ATTENDANCE_DATE,MEMBER_ID) values ('176',to_date('26/06/25','DD/MM/RR'),'56');
Insert into GYM_ADMIN.ATTENDANCES (ID,ATTENDANCE_DATE,MEMBER_ID) values ('177',to_date('15/09/25','DD/MM/RR'),'57');
Insert into GYM_ADMIN.ATTENDANCES (ID,ATTENDANCE_DATE,MEMBER_ID) values ('178',to_date('14/11/25','DD/MM/RR'),'58');
Insert into GYM_ADMIN.ATTENDANCES (ID,ATTENDANCE_DATE,MEMBER_ID) values ('179',to_date('30/09/25','DD/MM/RR'),'59');
Insert into GYM_ADMIN.ATTENDANCES (ID,ATTENDANCE_DATE,MEMBER_ID) values ('180',to_date('24/10/25','DD/MM/RR'),'60');
Insert into GYM_ADMIN.ATTENDANCES (ID,ATTENDANCE_DATE,MEMBER_ID) values ('181',to_date('25/06/25','DD/MM/RR'),'61');
Insert into GYM_ADMIN.ATTENDANCES (ID,ATTENDANCE_DATE,MEMBER_ID) values ('182',to_date('05/06/25','DD/MM/RR'),'62');
Insert into GYM_ADMIN.ATTENDANCES (ID,ATTENDANCE_DATE,MEMBER_ID) values ('183',to_date('04/10/25','DD/MM/RR'),'63');
Insert into GYM_ADMIN.ATTENDANCES (ID,ATTENDANCE_DATE,MEMBER_ID) values ('184',to_date('09/11/25','DD/MM/RR'),'64');
Insert into GYM_ADMIN.ATTENDANCES (ID,ATTENDANCE_DATE,MEMBER_ID) values ('185',to_date('09/11/25','DD/MM/RR'),'65');
Insert into GYM_ADMIN.ATTENDANCES (ID,ATTENDANCE_DATE,MEMBER_ID) values ('186',to_date('10/08/25','DD/MM/RR'),'66');
Insert into GYM_ADMIN.ATTENDANCES (ID,ATTENDANCE_DATE,MEMBER_ID) values ('187',to_date('14/05/25','DD/MM/RR'),'67');
Insert into GYM_ADMIN.ATTENDANCES (ID,ATTENDANCE_DATE,MEMBER_ID) values ('188',to_date('16/12/25','DD/MM/RR'),'68');
Insert into GYM_ADMIN.ATTENDANCES (ID,ATTENDANCE_DATE,MEMBER_ID) values ('189',to_date('14/04/25','DD/MM/RR'),'69');
Insert into GYM_ADMIN.ATTENDANCES (ID,ATTENDANCE_DATE,MEMBER_ID) values ('190',to_date('27/12/25','DD/MM/RR'),'70');
Insert into GYM_ADMIN.ATTENDANCES (ID,ATTENDANCE_DATE,MEMBER_ID) values ('191',to_date('24/07/25','DD/MM/RR'),'71');
Insert into GYM_ADMIN.ATTENDANCES (ID,ATTENDANCE_DATE,MEMBER_ID) values ('192',to_date('22/08/25','DD/MM/RR'),'72');
Insert into GYM_ADMIN.ATTENDANCES (ID,ATTENDANCE_DATE,MEMBER_ID) values ('193',to_date('02/01/25','DD/MM/RR'),'73');
Insert into GYM_ADMIN.ATTENDANCES (ID,ATTENDANCE_DATE,MEMBER_ID) values ('194',to_date('17/09/25','DD/MM/RR'),'74');
Insert into GYM_ADMIN.ATTENDANCES (ID,ATTENDANCE_DATE,MEMBER_ID) values ('195',to_date('21/10/25','DD/MM/RR'),'75');
Insert into GYM_ADMIN.ATTENDANCES (ID,ATTENDANCE_DATE,MEMBER_ID) values ('196',to_date('24/04/25','DD/MM/RR'),'76');
Insert into GYM_ADMIN.ATTENDANCES (ID,ATTENDANCE_DATE,MEMBER_ID) values ('197',to_date('07/05/25','DD/MM/RR'),'77');
Insert into GYM_ADMIN.ATTENDANCES (ID,ATTENDANCE_DATE,MEMBER_ID) values ('198',to_date('05/05/25','DD/MM/RR'),'78');
Insert into GYM_ADMIN.ATTENDANCES (ID,ATTENDANCE_DATE,MEMBER_ID) values ('199',to_date('06/11/25','DD/MM/RR'),'79');
Insert into GYM_ADMIN.ATTENDANCES (ID,ATTENDANCE_DATE,MEMBER_ID) values ('200',to_date('08/12/25','DD/MM/RR'),'80');
Insert into GYM_ADMIN.ATTENDANCES (ID,ATTENDANCE_DATE,MEMBER_ID) values ('201',to_date('02/09/25','DD/MM/RR'),'81');
Insert into GYM_ADMIN.ATTENDANCES (ID,ATTENDANCE_DATE,MEMBER_ID) values ('202',to_date('14/07/25','DD/MM/RR'),'82');
Insert into GYM_ADMIN.ATTENDANCES (ID,ATTENDANCE_DATE,MEMBER_ID) values ('203',to_date('11/05/25','DD/MM/RR'),'83');
Insert into GYM_ADMIN.ATTENDANCES (ID,ATTENDANCE_DATE,MEMBER_ID) values ('204',to_date('14/07/25','DD/MM/RR'),'84');
Insert into GYM_ADMIN.ATTENDANCES (ID,ATTENDANCE_DATE,MEMBER_ID) values ('205',to_date('30/03/25','DD/MM/RR'),'85');
Insert into GYM_ADMIN.ATTENDANCES (ID,ATTENDANCE_DATE,MEMBER_ID) values ('206',to_date('02/12/25','DD/MM/RR'),'86');
Insert into GYM_ADMIN.ATTENDANCES (ID,ATTENDANCE_DATE,MEMBER_ID) values ('207',to_date('04/06/25','DD/MM/RR'),'87');
Insert into GYM_ADMIN.ATTENDANCES (ID,ATTENDANCE_DATE,MEMBER_ID) values ('208',to_date('16/11/25','DD/MM/RR'),'88');
Insert into GYM_ADMIN.ATTENDANCES (ID,ATTENDANCE_DATE,MEMBER_ID) values ('209',to_date('09/09/25','DD/MM/RR'),'89');
Insert into GYM_ADMIN.ATTENDANCES (ID,ATTENDANCE_DATE,MEMBER_ID) values ('210',to_date('17/11/25','DD/MM/RR'),'90');
Insert into GYM_ADMIN.ATTENDANCES (ID,ATTENDANCE_DATE,MEMBER_ID) values ('211',to_date('28/04/25','DD/MM/RR'),'91');
Insert into GYM_ADMIN.ATTENDANCES (ID,ATTENDANCE_DATE,MEMBER_ID) values ('212',to_date('22/10/25','DD/MM/RR'),'92');
Insert into GYM_ADMIN.ATTENDANCES (ID,ATTENDANCE_DATE,MEMBER_ID) values ('213',to_date('07/11/25','DD/MM/RR'),'93');
Insert into GYM_ADMIN.ATTENDANCES (ID,ATTENDANCE_DATE,MEMBER_ID) values ('214',to_date('27/03/25','DD/MM/RR'),'94');
Insert into GYM_ADMIN.ATTENDANCES (ID,ATTENDANCE_DATE,MEMBER_ID) values ('215',to_date('19/12/25','DD/MM/RR'),'95');
Insert into GYM_ADMIN.ATTENDANCES (ID,ATTENDANCE_DATE,MEMBER_ID) values ('216',to_date('12/07/25','DD/MM/RR'),'96');
Insert into GYM_ADMIN.ATTENDANCES (ID,ATTENDANCE_DATE,MEMBER_ID) values ('217',to_date('29/12/25','DD/MM/RR'),'97');
Insert into GYM_ADMIN.ATTENDANCES (ID,ATTENDANCE_DATE,MEMBER_ID) values ('218',to_date('07/08/25','DD/MM/RR'),'98');
Insert into GYM_ADMIN.ATTENDANCES (ID,ATTENDANCE_DATE,MEMBER_ID) values ('219',to_date('14/02/25','DD/MM/RR'),'99');
Insert into GYM_ADMIN.ATTENDANCES (ID,ATTENDANCE_DATE,MEMBER_ID) values ('220',to_date('07/08/25','DD/MM/RR'),'100');
REM INSERTING into GYM_ADMIN.EXERCISES
SET DEFINE OFF;
Insert into GYM_ADMIN.EXERCISES (ID,NAME,DESCRIPTION,MUSCLE_GROUP) values ('1','Push Up','Flexiones de pecho en el suelo','Pecho');
Insert into GYM_ADMIN.EXERCISES (ID,NAME,DESCRIPTION,MUSCLE_GROUP) values ('2','Squat','Sentadillas con peso corporal','Piernas');
Insert into GYM_ADMIN.EXERCISES (ID,NAME,DESCRIPTION,MUSCLE_GROUP) values ('3','Plank','Plancha isométrica','Core');
Insert into GYM_ADMIN.EXERCISES (ID,NAME,DESCRIPTION,MUSCLE_GROUP) values ('4','Lunge','Zancadas alternas','Piernas');
Insert into GYM_ADMIN.EXERCISES (ID,NAME,DESCRIPTION,MUSCLE_GROUP) values ('5','Bicep Curl','Curl de bíceps con mancuernas','Brazos');
Insert into GYM_ADMIN.EXERCISES (ID,NAME,DESCRIPTION,MUSCLE_GROUP) values ('6','Jumping Jacks','Saltos de apertura','Cardio');
Insert into GYM_ADMIN.EXERCISES (ID,NAME,DESCRIPTION,MUSCLE_GROUP) values ('7','Burpees','Burpees completos','Full body');
Insert into GYM_ADMIN.EXERCISES (ID,NAME,DESCRIPTION,MUSCLE_GROUP) values ('8','Sit Up','Abdominales clásicos','Abdomen');
Insert into GYM_ADMIN.EXERCISES (ID,NAME,DESCRIPTION,MUSCLE_GROUP) values ('9','Bench Press','Press de banca con barra','Pecho');
Insert into GYM_ADMIN.EXERCISES (ID,NAME,DESCRIPTION,MUSCLE_GROUP) values ('10','Deadlift','Peso muerto con barra','Espalda/Piernas');
Insert into GYM_ADMIN.EXERCISES (ID,NAME,DESCRIPTION,MUSCLE_GROUP) values ('21','Push Up','Push up exercise','Chest');
Insert into GYM_ADMIN.EXERCISES (ID,NAME,DESCRIPTION,MUSCLE_GROUP) values ('22','Squat','Squat exercise','Legs');
Insert into GYM_ADMIN.EXERCISES (ID,NAME,DESCRIPTION,MUSCLE_GROUP) values ('23','Plank','Plank exercise','Core');
Insert into GYM_ADMIN.EXERCISES (ID,NAME,DESCRIPTION,MUSCLE_GROUP) values ('24','Lunge','Lunge exercise','Legs');
Insert into GYM_ADMIN.EXERCISES (ID,NAME,DESCRIPTION,MUSCLE_GROUP) values ('25','Bicep Curl','Bicep exercise','Arms');
Insert into GYM_ADMIN.EXERCISES (ID,NAME,DESCRIPTION,MUSCLE_GROUP) values ('26','Jumping Jacks','Cardio warmup','Full Body');
Insert into GYM_ADMIN.EXERCISES (ID,NAME,DESCRIPTION,MUSCLE_GROUP) values ('27','Burpees','Full body exercise','Full Body');
Insert into GYM_ADMIN.EXERCISES (ID,NAME,DESCRIPTION,MUSCLE_GROUP) values ('28','Sit Up','Abdominal exercise','Core');
Insert into GYM_ADMIN.EXERCISES (ID,NAME,DESCRIPTION,MUSCLE_GROUP) values ('29','Bench Press','Chest exercise','Chest');
Insert into GYM_ADMIN.EXERCISES (ID,NAME,DESCRIPTION,MUSCLE_GROUP) values ('30','Deadlift','Back and legs','Back');
Insert into GYM_ADMIN.EXERCISES (ID,NAME,DESCRIPTION,MUSCLE_GROUP) values ('31','Pull Up','Back and arms exercise','Back');
Insert into GYM_ADMIN.EXERCISES (ID,NAME,DESCRIPTION,MUSCLE_GROUP) values ('32','Mountain Climbers','Cardio core movement','Full Body');
Insert into GYM_ADMIN.EXERCISES (ID,NAME,DESCRIPTION,MUSCLE_GROUP) values ('33','Leg Raise','Lower abs exercise','Core');
Insert into GYM_ADMIN.EXERCISES (ID,NAME,DESCRIPTION,MUSCLE_GROUP) values ('34','Shoulder Press','Deltoid exercise','Shoulders');
Insert into GYM_ADMIN.EXERCISES (ID,NAME,DESCRIPTION,MUSCLE_GROUP) values ('35','Tricep Dips','Triceps exercise','Arms');
Insert into GYM_ADMIN.EXERCISES (ID,NAME,DESCRIPTION,MUSCLE_GROUP) values ('36','Calf Raise','Calf strengthening','Legs');
Insert into GYM_ADMIN.EXERCISES (ID,NAME,DESCRIPTION,MUSCLE_GROUP) values ('37','Crunches','Abdominal curls','Core');
Insert into GYM_ADMIN.EXERCISES (ID,NAME,DESCRIPTION,MUSCLE_GROUP) values ('38','Lateral Raise','Shoulder lateral movement','Shoulders');
Insert into GYM_ADMIN.EXERCISES (ID,NAME,DESCRIPTION,MUSCLE_GROUP) values ('39','Front Raise','Shoulder front movement','Shoulders');
Insert into GYM_ADMIN.EXERCISES (ID,NAME,DESCRIPTION,MUSCLE_GROUP) values ('40','Chest Fly','Chest isolation movement','Chest');
Insert into GYM_ADMIN.EXERCISES (ID,NAME,DESCRIPTION,MUSCLE_GROUP) values ('41','Russian Twist','Core rotation exercise','Core');
Insert into GYM_ADMIN.EXERCISES (ID,NAME,DESCRIPTION,MUSCLE_GROUP) values ('42','High Knees','Cardio leg exercise','Legs');
Insert into GYM_ADMIN.EXERCISES (ID,NAME,DESCRIPTION,MUSCLE_GROUP) values ('43','Step Up','Leg and glute exercise','Legs');
Insert into GYM_ADMIN.EXERCISES (ID,NAME,DESCRIPTION,MUSCLE_GROUP) values ('44','Wall Sit','Static leg exercise','Legs');
Insert into GYM_ADMIN.EXERCISES (ID,NAME,DESCRIPTION,MUSCLE_GROUP) values ('45','Bent Over Row','Back pulling exercise','Back');
Insert into GYM_ADMIN.EXERCISES (ID,NAME,DESCRIPTION,MUSCLE_GROUP) values ('46','Hammer Curl','Forearm and biceps exercise','Arms');
Insert into GYM_ADMIN.EXERCISES (ID,NAME,DESCRIPTION,MUSCLE_GROUP) values ('47','Reverse Lunge','Leg exercise variation','Legs');
Insert into GYM_ADMIN.EXERCISES (ID,NAME,DESCRIPTION,MUSCLE_GROUP) values ('48','Side Plank','Core stability exercise','Core');
Insert into GYM_ADMIN.EXERCISES (ID,NAME,DESCRIPTION,MUSCLE_GROUP) values ('49','Glute Bridge','Glutes and core','Legs');
Insert into GYM_ADMIN.EXERCISES (ID,NAME,DESCRIPTION,MUSCLE_GROUP) values ('50','Jump Squat','Explosive leg exercise','Legs');
Insert into GYM_ADMIN.EXERCISES (ID,NAME,DESCRIPTION,MUSCLE_GROUP) values ('51','Tricep Kickback','Arm isolation','Arms');
Insert into GYM_ADMIN.EXERCISES (ID,NAME,DESCRIPTION,MUSCLE_GROUP) values ('52','Incline Bench Press','Upper chest focus','Chest');
Insert into GYM_ADMIN.EXERCISES (ID,NAME,DESCRIPTION,MUSCLE_GROUP) values ('53','Decline Push Up','Lower chest focus','Chest');
Insert into GYM_ADMIN.EXERCISES (ID,NAME,DESCRIPTION,MUSCLE_GROUP) values ('54','Arnold Press','Rotational shoulder exercise','Shoulders');
Insert into GYM_ADMIN.EXERCISES (ID,NAME,DESCRIPTION,MUSCLE_GROUP) values ('55','Upright Row','Traps and shoulders','Back');
Insert into GYM_ADMIN.EXERCISES (ID,NAME,DESCRIPTION,MUSCLE_GROUP) values ('56','Face Pull','Rear deltoid exercise','Shoulders');
Insert into GYM_ADMIN.EXERCISES (ID,NAME,DESCRIPTION,MUSCLE_GROUP) values ('57','Good Morning','Hamstring stretch and strength','Legs');
Insert into GYM_ADMIN.EXERCISES (ID,NAME,DESCRIPTION,MUSCLE_GROUP) values ('58','Romanian Deadlift','Hamstrings and glutes','Legs');
Insert into GYM_ADMIN.EXERCISES (ID,NAME,DESCRIPTION,MUSCLE_GROUP) values ('59','Cable Crossover','Chest fly machine exercise','Chest');
Insert into GYM_ADMIN.EXERCISES (ID,NAME,DESCRIPTION,MUSCLE_GROUP) values ('60','Seated Row','Back seated pulling','Back');
Insert into GYM_ADMIN.EXERCISES (ID,NAME,DESCRIPTION,MUSCLE_GROUP) values ('61','Lat Pulldown','Lats exercise','Back');
Insert into GYM_ADMIN.EXERCISES (ID,NAME,DESCRIPTION,MUSCLE_GROUP) values ('62','Barbell Curl','Classic biceps exercise','Arms');
Insert into GYM_ADMIN.EXERCISES (ID,NAME,DESCRIPTION,MUSCLE_GROUP) values ('63','Overhead Tricep Extension','Triceps stretch exercise','Arms');
Insert into GYM_ADMIN.EXERCISES (ID,NAME,DESCRIPTION,MUSCLE_GROUP) values ('64','Jump Rope','Cardio endurance','Full Body');
Insert into GYM_ADMIN.EXERCISES (ID,NAME,DESCRIPTION,MUSCLE_GROUP) values ('65','Box Jump','Plyometric leg exercise','Legs');
Insert into GYM_ADMIN.EXERCISES (ID,NAME,DESCRIPTION,MUSCLE_GROUP) values ('66','Flutter Kicks','Core and hip flexor exercise','Core');
Insert into GYM_ADMIN.EXERCISES (ID,NAME,DESCRIPTION,MUSCLE_GROUP) values ('67','Bicycle Crunch','Oblique and abs exercise','Core');
Insert into GYM_ADMIN.EXERCISES (ID,NAME,DESCRIPTION,MUSCLE_GROUP) values ('68','Toe Touch','Ab stretch exercise','Core');
Insert into GYM_ADMIN.EXERCISES (ID,NAME,DESCRIPTION,MUSCLE_GROUP) values ('69','Sumo Squat','Inner thigh leg exercise','Legs');
Insert into GYM_ADMIN.EXERCISES (ID,NAME,DESCRIPTION,MUSCLE_GROUP) values ('70','Side Lunge','Lateral movement leg exercise','Legs');
Insert into GYM_ADMIN.EXERCISES (ID,NAME,DESCRIPTION,MUSCLE_GROUP) values ('71','Skater Jump','Balance and agility','Full Body');
Insert into GYM_ADMIN.EXERCISES (ID,NAME,DESCRIPTION,MUSCLE_GROUP) values ('72','Plank Shoulder Tap','Core and shoulder stability','Core');
Insert into GYM_ADMIN.EXERCISES (ID,NAME,DESCRIPTION,MUSCLE_GROUP) values ('73','Donkey Kick','Glutes isolation','Legs');
Insert into GYM_ADMIN.EXERCISES (ID,NAME,DESCRIPTION,MUSCLE_GROUP) values ('74','Fire Hydrant','Glutes and hips','Legs');
Insert into GYM_ADMIN.EXERCISES (ID,NAME,DESCRIPTION,MUSCLE_GROUP) values ('75','Hip Thrust','Glutes strengthening','Legs');
Insert into GYM_ADMIN.EXERCISES (ID,NAME,DESCRIPTION,MUSCLE_GROUP) values ('76','Farmer’s Carry','Grip and core strength','Full Body');
Insert into GYM_ADMIN.EXERCISES (ID,NAME,DESCRIPTION,MUSCLE_GROUP) values ('77','Kettlebell Swing','Hip drive exercise','Full Body');
Insert into GYM_ADMIN.EXERCISES (ID,NAME,DESCRIPTION,MUSCLE_GROUP) values ('78','Medicine Ball Slam','Power and cardio','Full Body');
Insert into GYM_ADMIN.EXERCISES (ID,NAME,DESCRIPTION,MUSCLE_GROUP) values ('79','Sprint','Cardio speed training','Full Body');
Insert into GYM_ADMIN.EXERCISES (ID,NAME,DESCRIPTION,MUSCLE_GROUP) values ('80','Rowing','Cardio and back exercise','Back');
Insert into GYM_ADMIN.EXERCISES (ID,NAME,DESCRIPTION,MUSCLE_GROUP) values ('81','Incline Dumbbell Curl','Upper biceps focus','Arms');
Insert into GYM_ADMIN.EXERCISES (ID,NAME,DESCRIPTION,MUSCLE_GROUP) values ('82','Cable Curl','Constant tension biceps exercise','Arms');
Insert into GYM_ADMIN.EXERCISES (ID,NAME,DESCRIPTION,MUSCLE_GROUP) values ('83','Concentration Curl','Biceps isolation','Arms');
Insert into GYM_ADMIN.EXERCISES (ID,NAME,DESCRIPTION,MUSCLE_GROUP) values ('84','Chest Dip','Lower chest exercise','Chest');
Insert into GYM_ADMIN.EXERCISES (ID,NAME,DESCRIPTION,MUSCLE_GROUP) values ('85','Diamond Push Up','Triceps and chest exercise','Arms');
Insert into GYM_ADMIN.EXERCISES (ID,NAME,DESCRIPTION,MUSCLE_GROUP) values ('86','Pike Push Up','Shoulder push exercise','Shoulders');
Insert into GYM_ADMIN.EXERCISES (ID,NAME,DESCRIPTION,MUSCLE_GROUP) values ('87','Lateral Step Up','Glute and leg exercise','Legs');
Insert into GYM_ADMIN.EXERCISES (ID,NAME,DESCRIPTION,MUSCLE_GROUP) values ('88','Bodyweight Row','Inverted back exercise','Back');
Insert into GYM_ADMIN.EXERCISES (ID,NAME,DESCRIPTION,MUSCLE_GROUP) values ('89','Single Leg Deadlift','Balance and hamstring exercise','Legs');
Insert into GYM_ADMIN.EXERCISES (ID,NAME,DESCRIPTION,MUSCLE_GROUP) values ('90','Calf Press','Calf isolation','Legs');
Insert into GYM_ADMIN.EXERCISES (ID,NAME,DESCRIPTION,MUSCLE_GROUP) values ('91','Wrist Curl','Forearm exercise','Arms');
Insert into GYM_ADMIN.EXERCISES (ID,NAME,DESCRIPTION,MUSCLE_GROUP) values ('92','Reverse Wrist Curl','Forearm opposite movement','Arms');
Insert into GYM_ADMIN.EXERCISES (ID,NAME,DESCRIPTION,MUSCLE_GROUP) values ('93','Seated Leg Curl','Hamstrings machine exercise','Legs');
Insert into GYM_ADMIN.EXERCISES (ID,NAME,DESCRIPTION,MUSCLE_GROUP) values ('94','Leg Extension','Quadriceps machine exercise','Legs');
Insert into GYM_ADMIN.EXERCISES (ID,NAME,DESCRIPTION,MUSCLE_GROUP) values ('95','Hack Squat','Leg strength machine exercise','Legs');
Insert into GYM_ADMIN.EXERCISES (ID,NAME,DESCRIPTION,MUSCLE_GROUP) values ('96','Chest Press Machine','Chest machine press','Chest');
Insert into GYM_ADMIN.EXERCISES (ID,NAME,DESCRIPTION,MUSCLE_GROUP) values ('97','Pec Deck','Chest fly machine','Chest');
Insert into GYM_ADMIN.EXERCISES (ID,NAME,DESCRIPTION,MUSCLE_GROUP) values ('98','Back Extension','Lower back strengthening','Back');
Insert into GYM_ADMIN.EXERCISES (ID,NAME,DESCRIPTION,MUSCLE_GROUP) values ('99','Cable Row','Back cable pulling','Back');
Insert into GYM_ADMIN.EXERCISES (ID,NAME,DESCRIPTION,MUSCLE_GROUP) values ('100','Ab Wheel Rollout','Core rollout exercise','Core');
Insert into GYM_ADMIN.EXERCISES (ID,NAME,DESCRIPTION,MUSCLE_GROUP) values ('101','Hanging Leg Raise','Abs hanging movement','Core');
Insert into GYM_ADMIN.EXERCISES (ID,NAME,DESCRIPTION,MUSCLE_GROUP) values ('102','Side Crunch','Oblique crunch variation','Core');
Insert into GYM_ADMIN.EXERCISES (ID,NAME,DESCRIPTION,MUSCLE_GROUP) values ('103','Front Squat','Quadriceps dominant squat','Legs');
Insert into GYM_ADMIN.EXERCISES (ID,NAME,DESCRIPTION,MUSCLE_GROUP) values ('104','Zercher Squat','Arm hold squat','Legs');
Insert into GYM_ADMIN.EXERCISES (ID,NAME,DESCRIPTION,MUSCLE_GROUP) values ('105','Split Squat','Leg unilateral exercise','Legs');
Insert into GYM_ADMIN.EXERCISES (ID,NAME,DESCRIPTION,MUSCLE_GROUP) values ('106','Walking Lunge','Dynamic leg movement','Legs');
Insert into GYM_ADMIN.EXERCISES (ID,NAME,DESCRIPTION,MUSCLE_GROUP) values ('107','Clap Push Up','Explosive push movement','Chest');
Insert into GYM_ADMIN.EXERCISES (ID,NAME,DESCRIPTION,MUSCLE_GROUP) values ('108','Wide Grip Pull Up','Lats emphasis','Back');
Insert into GYM_ADMIN.EXERCISES (ID,NAME,DESCRIPTION,MUSCLE_GROUP) values ('109','Close Grip Bench Press','Triceps and chest focus','Arms');
Insert into GYM_ADMIN.EXERCISES (ID,NAME,DESCRIPTION,MUSCLE_GROUP) values ('110','Overhead Press','Shoulder strength exercise','Shoulders');
Insert into GYM_ADMIN.EXERCISES (ID,NAME,DESCRIPTION,MUSCLE_GROUP) values ('111','Push Press','Leg drive shoulder press','Shoulders');
Insert into GYM_ADMIN.EXERCISES (ID,NAME,DESCRIPTION,MUSCLE_GROUP) values ('112','Cable Tricep Pushdown','Triceps machine exercise','Arms');
Insert into GYM_ADMIN.EXERCISES (ID,NAME,DESCRIPTION,MUSCLE_GROUP) values ('113','Preacher Curl','Biceps seated curl','Arms');
Insert into GYM_ADMIN.EXERCISES (ID,NAME,DESCRIPTION,MUSCLE_GROUP) values ('114','Incline Push Up','Modified chest push','Chest');
Insert into GYM_ADMIN.EXERCISES (ID,NAME,DESCRIPTION,MUSCLE_GROUP) values ('115','Decline Sit Up','Core advanced crunch','Core');
Insert into GYM_ADMIN.EXERCISES (ID,NAME,DESCRIPTION,MUSCLE_GROUP) values ('116','Lying Leg Curl','Hamstring machine exercise','Legs');
Insert into GYM_ADMIN.EXERCISES (ID,NAME,DESCRIPTION,MUSCLE_GROUP) values ('117','Abductor Machine','Outer thigh exercise','Legs');
Insert into GYM_ADMIN.EXERCISES (ID,NAME,DESCRIPTION,MUSCLE_GROUP) values ('118','Adductor Machine','Inner thigh exercise','Legs');
Insert into GYM_ADMIN.EXERCISES (ID,NAME,DESCRIPTION,MUSCLE_GROUP) values ('119','Row Machine','Cardio and back combined','Full Body');
Insert into GYM_ADMIN.EXERCISES (ID,NAME,DESCRIPTION,MUSCLE_GROUP) values ('120','Treadmill Run','Cardio running','Full Body');
Insert into GYM_ADMIN.EXERCISES (ID,NAME,DESCRIPTION,MUSCLE_GROUP) values ('121','Elliptical Trainer','Low impact cardio','Full Body');
Insert into GYM_ADMIN.EXERCISES (ID,NAME,DESCRIPTION,MUSCLE_GROUP) values ('122','Cycling','Cardio and legs','Legs');
Insert into GYM_ADMIN.EXERCISES (ID,NAME,DESCRIPTION,MUSCLE_GROUP) values ('123','Swimming','Full body endurance','Full Body');
REM INSERTING into GYM_ADMIN.MEMBERS
SET DEFINE OFF;
Insert into GYM_ADMIN.MEMBERS (ID,NAME,EMAIL,PHONE,ADDRESS) values ('1','Jose Fernandez','jose1@gmail.com','3001000001','Calle 1');
Insert into GYM_ADMIN.MEMBERS (ID,NAME,EMAIL,PHONE,ADDRESS) values ('2','Maria Lopez','maria2@gmail.com','3001000002','Calle 2');
Insert into GYM_ADMIN.MEMBERS (ID,NAME,EMAIL,PHONE,ADDRESS) values ('3','Andres Gomez','andres3@gmail.com','3001000003','Calle 3');
Insert into GYM_ADMIN.MEMBERS (ID,NAME,EMAIL,PHONE,ADDRESS) values ('4','Luisa Martinez','luisa4@gmail.com','3001000004','Calle 4');
Insert into GYM_ADMIN.MEMBERS (ID,NAME,EMAIL,PHONE,ADDRESS) values ('5','Carlos Torres','carlos5@gmail.com','3001000005','Calle 5');
Insert into GYM_ADMIN.MEMBERS (ID,NAME,EMAIL,PHONE,ADDRESS) values ('6','Ana Ramirez','ana6@gmail.com','3001000006','Calle 6');
Insert into GYM_ADMIN.MEMBERS (ID,NAME,EMAIL,PHONE,ADDRESS) values ('7','Miguel Sanchez','miguel7@gmail.com','3001000007','Calle 7');
Insert into GYM_ADMIN.MEMBERS (ID,NAME,EMAIL,PHONE,ADDRESS) values ('8','Sofia Diaz','sofia8@gmail.com','3001000008','Calle 8');
Insert into GYM_ADMIN.MEMBERS (ID,NAME,EMAIL,PHONE,ADDRESS) values ('9','Luis Herrera','luis9@gmail.com','3001000009','Calle 9');
Insert into GYM_ADMIN.MEMBERS (ID,NAME,EMAIL,PHONE,ADDRESS) values ('10','Camila Morales','camila10@gmail.com','3001000010','Calle 10');
Insert into GYM_ADMIN.MEMBERS (ID,NAME,EMAIL,PHONE,ADDRESS) values ('11','Jorge Rojas','jorge11@gmail.com','3001000011','Calle 11');
Insert into GYM_ADMIN.MEMBERS (ID,NAME,EMAIL,PHONE,ADDRESS) values ('12','Paula Castillo','paula12@gmail.com','3001000012','Calle 12');
Insert into GYM_ADMIN.MEMBERS (ID,NAME,EMAIL,PHONE,ADDRESS) values ('13','Daniel Alvarez','daniel13@gmail.com','3001000013','Calle 13');
Insert into GYM_ADMIN.MEMBERS (ID,NAME,EMAIL,PHONE,ADDRESS) values ('14','Valeria Sanchez','valeria14@gmail.com','3001000014','Calle 14');
Insert into GYM_ADMIN.MEMBERS (ID,NAME,EMAIL,PHONE,ADDRESS) values ('15','Andres Molina','andres15@gmail.com','3001000015','Calle 15');
Insert into GYM_ADMIN.MEMBERS (ID,NAME,EMAIL,PHONE,ADDRESS) values ('16','Carolina Herrera','carolina16@ggmail.com','3001000016','Calle 16');
Insert into GYM_ADMIN.MEMBERS (ID,NAME,EMAIL,PHONE,ADDRESS) values ('17','Diego Gomez','diego17@gmail.com','3001000017','Calle 17');
Insert into GYM_ADMIN.MEMBERS (ID,NAME,EMAIL,PHONE,ADDRESS) values ('18','Laura Perez','laura18@gmail.com','3001000018','Calle 18');
Insert into GYM_ADMIN.MEMBERS (ID,NAME,EMAIL,PHONE,ADDRESS) values ('19','Ricardo Diaz','ricardo19@gmail.com','3001000019','Calle 19');
Insert into GYM_ADMIN.MEMBERS (ID,NAME,EMAIL,PHONE,ADDRESS) values ('20','Andrea Morales','andrea20@gmail.com','3001000020','Calle 20');
Insert into GYM_ADMIN.MEMBERS (ID,NAME,EMAIL,PHONE,ADDRESS) values ('21','Felipe Torres','felipe21@gmail.com','3001000021','Calle 21');
Insert into GYM_ADMIN.MEMBERS (ID,NAME,EMAIL,PHONE,ADDRESS) values ('22','Natalia Martinez','natalia22@gmail.com','3001000022','Calle 22');
Insert into GYM_ADMIN.MEMBERS (ID,NAME,EMAIL,PHONE,ADDRESS) values ('23','Javier Ramirez','javier23@gmail.com','3001000023','Calle 23');
Insert into GYM_ADMIN.MEMBERS (ID,NAME,EMAIL,PHONE,ADDRESS) values ('24','Karen Castillo','karen24@gmail.com','3001000024','Calle 24');
Insert into GYM_ADMIN.MEMBERS (ID,NAME,EMAIL,PHONE,ADDRESS) values ('25','Esteban Alvarez','esteban25@gmail.com','3001000025','Calle 25');
Insert into GYM_ADMIN.MEMBERS (ID,NAME,EMAIL,PHONE,ADDRESS) values ('26','Daniela Sanchez','daniela26@gmail.com','3001000026','Calle 26');
Insert into GYM_ADMIN.MEMBERS (ID,NAME,EMAIL,PHONE,ADDRESS) values ('27','Mario Molina','mario27@gmail.com','3001000027','Calle 27');
Insert into GYM_ADMIN.MEMBERS (ID,NAME,EMAIL,PHONE,ADDRESS) values ('28','Monica Herrera','monica28@gmail.com','3001000028','Calle 28');
Insert into GYM_ADMIN.MEMBERS (ID,NAME,EMAIL,PHONE,ADDRESS) values ('29','Andres Diaz','andres29@gmail.com','3001000029','Calle 29');
Insert into GYM_ADMIN.MEMBERS (ID,NAME,EMAIL,PHONE,ADDRESS) values ('30','Sofia Morales','sofia30@gmail.com','3001000030','Calle 30');
Insert into GYM_ADMIN.MEMBERS (ID,NAME,EMAIL,PHONE,ADDRESS) values ('31','Juan Perez','juan31@gmail.com','3001000031','Calle 31');
Insert into GYM_ADMIN.MEMBERS (ID,NAME,EMAIL,PHONE,ADDRESS) values ('32','Paula Lopez','paula32@gmail.com','3001000032','Calle 32');
Insert into GYM_ADMIN.MEMBERS (ID,NAME,EMAIL,PHONE,ADDRESS) values ('33','Carlos Gomez','carlos33@gmail.com','3001000033','Calle 33');
Insert into GYM_ADMIN.MEMBERS (ID,NAME,EMAIL,PHONE,ADDRESS) values ('34','Ana Martinez','ana34@gmail.com','3001000034','Calle 34');
Insert into GYM_ADMIN.MEMBERS (ID,NAME,EMAIL,PHONE,ADDRESS) values ('35','Miguel Torres','miguel35@gmail.com','3001000035','Calle 35');
Insert into GYM_ADMIN.MEMBERS (ID,NAME,EMAIL,PHONE,ADDRESS) values ('36','Sofia Ramirez','sofia36@gmail.com','3001000036','Calle 36');
Insert into GYM_ADMIN.MEMBERS (ID,NAME,EMAIL,PHONE,ADDRESS) values ('37','Luis Fernandez','luis37@gmail.com','3001000037','Calle 37');
Insert into GYM_ADMIN.MEMBERS (ID,NAME,EMAIL,PHONE,ADDRESS) values ('38','Camila Diaz','camila38@gmail.com','3001000038','Calle 38');
Insert into GYM_ADMIN.MEMBERS (ID,NAME,EMAIL,PHONE,ADDRESS) values ('39','Jorge Morales','jorge39@gmail.com','3001000039','Calle 39');
Insert into GYM_ADMIN.MEMBERS (ID,NAME,EMAIL,PHONE,ADDRESS) values ('40','Paula Perez','paula40@gmail.com','3001000040','Calle 40');
Insert into GYM_ADMIN.MEMBERS (ID,NAME,EMAIL,PHONE,ADDRESS) values ('41','Daniel Gomez','daniel41@gmail.com','3001000041','Calle 41');
Insert into GYM_ADMIN.MEMBERS (ID,NAME,EMAIL,PHONE,ADDRESS) values ('42','Karen Torres','karen52@gmail.com','3001000052','Calle 52');
Insert into GYM_ADMIN.MEMBERS (ID,NAME,EMAIL,PHONE,ADDRESS) values ('43','Valeria Martinez','valeria42@gmail.com','3001000042','Calle 42');
Insert into GYM_ADMIN.MEMBERS (ID,NAME,EMAIL,PHONE,ADDRESS) values ('44','Andres Ramirez','andres43@gmail.com','3001000043','Calle 43');
Insert into GYM_ADMIN.MEMBERS (ID,NAME,EMAIL,PHONE,ADDRESS) values ('45','Carolina Sanchez','carolina44@gmail.com','3001000044','Calle 44');
Insert into GYM_ADMIN.MEMBERS (ID,NAME,EMAIL,PHONE,ADDRESS) values ('46','Diego Herrera','diego45@gmail.com','3001000045','Calle 45');
Insert into GYM_ADMIN.MEMBERS (ID,NAME,EMAIL,PHONE,ADDRESS) values ('47','Laura Diaz','laura46@gmail.com','3001000046','Calle 46');
Insert into GYM_ADMIN.MEMBERS (ID,NAME,EMAIL,PHONE,ADDRESS) values ('48','Ricardo Morales','ricardo47@gmail.com','3001000047','Calle 47');
Insert into GYM_ADMIN.MEMBERS (ID,NAME,EMAIL,PHONE,ADDRESS) values ('49','Andrea Perez','andrea48@gmail.com','3001000048','Calle 48');
Insert into GYM_ADMIN.MEMBERS (ID,NAME,EMAIL,PHONE,ADDRESS) values ('50','Felipe Lopez','felipe49@gmail.com','3001000049','Calle 49');
Insert into GYM_ADMIN.MEMBERS (ID,NAME,EMAIL,PHONE,ADDRESS) values ('51','Natalia Gomez','natalia50@gmail.com','3001000050','Calle 50');
Insert into GYM_ADMIN.MEMBERS (ID,NAME,EMAIL,PHONE,ADDRESS) values ('52','Javier Martinez','javier51@gmail.com','3001000051','Calle 51');
Insert into GYM_ADMIN.MEMBERS (ID,NAME,EMAIL,PHONE,ADDRESS) values ('53','Esteban Ramirez','esteban53@gmail.com','3001000053','Calle 53');
Insert into GYM_ADMIN.MEMBERS (ID,NAME,EMAIL,PHONE,ADDRESS) values ('54','Daniela Herrera','daniela54@gmail.com','3001000054','Calle 54');
Insert into GYM_ADMIN.MEMBERS (ID,NAME,EMAIL,PHONE,ADDRESS) values ('55','Mario Diaz','mario55@gmail.com','3001000055','Calle 55');
Insert into GYM_ADMIN.MEMBERS (ID,NAME,EMAIL,PHONE,ADDRESS) values ('56','Monica Morales','monica56@gmail.com','3001000056','Calle 56');
Insert into GYM_ADMIN.MEMBERS (ID,NAME,EMAIL,PHONE,ADDRESS) values ('57','Andres Perez','andres57@gmail.com','3001000057','Calle 57');
Insert into GYM_ADMIN.MEMBERS (ID,NAME,EMAIL,PHONE,ADDRESS) values ('58','Sofia Lopez','sofia58@gmail.com','3001000058','Calle 58');
Insert into GYM_ADMIN.MEMBERS (ID,NAME,EMAIL,PHONE,ADDRESS) values ('59','Juan Gomez','juan59@gmail.com','3001000059','Calle 59');
Insert into GYM_ADMIN.MEMBERS (ID,NAME,EMAIL,PHONE,ADDRESS) values ('60','Paula Martinez','paula60@gmail.com','3001000060','Calle 60');
Insert into GYM_ADMIN.MEMBERS (ID,NAME,EMAIL,PHONE,ADDRESS) values ('61','Luis Torres','luis61@gmail.com','3001000061','Calle 61');
Insert into GYM_ADMIN.MEMBERS (ID,NAME,EMAIL,PHONE,ADDRESS) values ('62','Camila Herrera','camila62@gmail.com','3001000062','Calle 62');
Insert into GYM_ADMIN.MEMBERS (ID,NAME,EMAIL,PHONE,ADDRESS) values ('63','Jorge Diaz','jorge63@gmail.com','3001000063','Calle 63');
Insert into GYM_ADMIN.MEMBERS (ID,NAME,EMAIL,PHONE,ADDRESS) values ('64','Ana Morales','ana64@gmail.com','3001000064','Calle 64');
Insert into GYM_ADMIN.MEMBERS (ID,NAME,EMAIL,PHONE,ADDRESS) values ('65','Miguel Rojas','miguel65@gmail.com','3001000065','Calle 65');
Insert into GYM_ADMIN.MEMBERS (ID,NAME,EMAIL,PHONE,ADDRESS) values ('66','Sofia Castillo','sofia66@gmail.com','3001000066','Calle 66');
Insert into GYM_ADMIN.MEMBERS (ID,NAME,EMAIL,PHONE,ADDRESS) values ('67','Daniel Fernandez','daniel67@gmail.com','3001000067','Calle 67');
Insert into GYM_ADMIN.MEMBERS (ID,NAME,EMAIL,PHONE,ADDRESS) values ('68','Valeria Gomez','valeria68@gmail.com','3001000068','Calle 68');
Insert into GYM_ADMIN.MEMBERS (ID,NAME,EMAIL,PHONE,ADDRESS) values ('69','Andres Torres','andres69@gmail.com','3001000069','Calle 69');
Insert into GYM_ADMIN.MEMBERS (ID,NAME,EMAIL,PHONE,ADDRESS) values ('70','Carolina Lopez','carolina70@gmail.com','3001000070','Calle 70');
Insert into GYM_ADMIN.MEMBERS (ID,NAME,EMAIL,PHONE,ADDRESS) values ('71','Diego Morales','diego71@gmail.com','3001000071','Calle 71');
Insert into GYM_ADMIN.MEMBERS (ID,NAME,EMAIL,PHONE,ADDRESS) values ('72','Laura Sanchez','laura72@gmail.com','3001000072','Calle 72');
Insert into GYM_ADMIN.MEMBERS (ID,NAME,EMAIL,PHONE,ADDRESS) values ('73','Ricardo Herrera','ricardo73@gmail.com','3001000073','Calle 73');
Insert into GYM_ADMIN.MEMBERS (ID,NAME,EMAIL,PHONE,ADDRESS) values ('74','Andrea Diaz','andrea74@gmail.com','3001000074','Calle 74');
Insert into GYM_ADMIN.MEMBERS (ID,NAME,EMAIL,PHONE,ADDRESS) values ('75','Felipe Martinez','felipe75@gmail.com','3001000075','Calle 75');
Insert into GYM_ADMIN.MEMBERS (ID,NAME,EMAIL,PHONE,ADDRESS) values ('76','Natalia Perez','natalia76@gmail.com','3001000076','Calle 76');
Insert into GYM_ADMIN.MEMBERS (ID,NAME,EMAIL,PHONE,ADDRESS) values ('77','Javier Gomez','javier77@gmail.com','3001000077','Calle 77');
Insert into GYM_ADMIN.MEMBERS (ID,NAME,EMAIL,PHONE,ADDRESS) values ('78','Karen Morales','karen78@gmail.com','3001000078','Calle 78');
Insert into GYM_ADMIN.MEMBERS (ID,NAME,EMAIL,PHONE,ADDRESS) values ('79','Esteban Lopez','esteban79@gmail.com','3001000079','Calle 79');
Insert into GYM_ADMIN.MEMBERS (ID,NAME,EMAIL,PHONE,ADDRESS) values ('80','Daniela Torres','daniela80@gmail.com','3001000080','Calle 80');
Insert into GYM_ADMIN.MEMBERS (ID,NAME,EMAIL,PHONE,ADDRESS) values ('81','Mario Herrera','mario81@gmail.com','3001000081','Calle 81');
Insert into GYM_ADMIN.MEMBERS (ID,NAME,EMAIL,PHONE,ADDRESS) values ('82','Monica Diaz','monica82@gmail.com','3001000082','Calle 82');
Insert into GYM_ADMIN.MEMBERS (ID,NAME,EMAIL,PHONE,ADDRESS) values ('83','Andres Sanchez','andres83@gmail.com','3001000083','Calle 83');
Insert into GYM_ADMIN.MEMBERS (ID,NAME,EMAIL,PHONE,ADDRESS) values ('84','Sofia Rojas','sofia84@gmail.com','3001000084','Calle 84');
Insert into GYM_ADMIN.MEMBERS (ID,NAME,EMAIL,PHONE,ADDRESS) values ('85','Juan Castillo','juan85@gmail.com','3001000085','Calle 85');
Insert into GYM_ADMIN.MEMBERS (ID,NAME,EMAIL,PHONE,ADDRESS) values ('86','Paula Fernandez','paula86@gmail.com','3001000086','Calle 86');
Insert into GYM_ADMIN.MEMBERS (ID,NAME,EMAIL,PHONE,ADDRESS) values ('87','Carlos Morales','carlos87@gmail.com','3001000087','Calle 87');
Insert into GYM_ADMIN.MEMBERS (ID,NAME,EMAIL,PHONE,ADDRESS) values ('88','Ana Torres','ana88@gmail.com','3001000088','Calle 88');
Insert into GYM_ADMIN.MEMBERS (ID,NAME,EMAIL,PHONE,ADDRESS) values ('89','Miguel Lopez','miguel89@gmail.com','3001000089','Calle 89');
Insert into GYM_ADMIN.MEMBERS (ID,NAME,EMAIL,PHONE,ADDRESS) values ('90','Sofia Sanchez','sofia90@gmail.com','3001000090','Calle 90');
Insert into GYM_ADMIN.MEMBERS (ID,NAME,EMAIL,PHONE,ADDRESS) values ('91','Luis Rojas','luis91@gmail.com','3001000091','Calle 91');
Insert into GYM_ADMIN.MEMBERS (ID,NAME,EMAIL,PHONE,ADDRESS) values ('92','Camila Castillo','camila92@gmail.com','3001000092','Calle 92');
Insert into GYM_ADMIN.MEMBERS (ID,NAME,EMAIL,PHONE,ADDRESS) values ('93','Jorge Fernandez','jorge93@gmail.com','3001000093','Calle 93');
Insert into GYM_ADMIN.MEMBERS (ID,NAME,EMAIL,PHONE,ADDRESS) values ('94','Ana Gomez','ana94@gmail.com','3001000094','Calle 94');
Insert into GYM_ADMIN.MEMBERS (ID,NAME,EMAIL,PHONE,ADDRESS) values ('95','Miguel Herrera','miguel95@gmail.com','3001000095','Calle 95');
Insert into GYM_ADMIN.MEMBERS (ID,NAME,EMAIL,PHONE,ADDRESS) values ('96','Sofia Molina','sofia96@gmail.com','3001000096','Calle 96');
Insert into GYM_ADMIN.MEMBERS (ID,NAME,EMAIL,PHONE,ADDRESS) values ('97','Daniel Alvarez','daniel97@gmail.com','3001000097','Calle 97');
Insert into GYM_ADMIN.MEMBERS (ID,NAME,EMAIL,PHONE,ADDRESS) values ('98','Valeria Morales','valeria98@gmail.com','3001000098','Calle 98');
Insert into GYM_ADMIN.MEMBERS (ID,NAME,EMAIL,PHONE,ADDRESS) values ('99','Andres Lopez','andres99@gmail.com','3001000099','Calle 99');
Insert into GYM_ADMIN.MEMBERS (ID,NAME,EMAIL,PHONE,ADDRESS) values ('100','Carolina Torres','carolina100@gmail.com','3001000100','Calle 100');
REM INSERTING into GYM_ADMIN.MEMBERSHIPS
SET DEFINE OFF;
Insert into GYM_ADMIN.MEMBERSHIPS (ID,START_DATE,END_DATE,MEMBER_ID,PLAN_ID,TRAINER_ID) values ('1',to_date('01/01/25','DD/MM/RR'),to_date('31/03/25','DD/MM/RR'),'1','1','1');
Insert into GYM_ADMIN.MEMBERSHIPS (ID,START_DATE,END_DATE,MEMBER_ID,PLAN_ID,TRAINER_ID) values ('2',to_date('15/01/25','DD/MM/RR'),to_date('15/04/25','DD/MM/RR'),'2','2','2');
Insert into GYM_ADMIN.MEMBERSHIPS (ID,START_DATE,END_DATE,MEMBER_ID,PLAN_ID,TRAINER_ID) values ('3',to_date('01/02/25','DD/MM/RR'),to_date('01/05/25','DD/MM/RR'),'3','3','3');
Insert into GYM_ADMIN.MEMBERSHIPS (ID,START_DATE,END_DATE,MEMBER_ID,PLAN_ID,TRAINER_ID) values ('4',to_date('10/02/25','DD/MM/RR'),to_date('10/05/25','DD/MM/RR'),'4','1','4');
Insert into GYM_ADMIN.MEMBERSHIPS (ID,START_DATE,END_DATE,MEMBER_ID,PLAN_ID,TRAINER_ID) values ('5',to_date('01/03/25','DD/MM/RR'),to_date('01/06/25','DD/MM/RR'),'5','2','5');
Insert into GYM_ADMIN.MEMBERSHIPS (ID,START_DATE,END_DATE,MEMBER_ID,PLAN_ID,TRAINER_ID) values ('6',to_date('28/03/25','DD/MM/RR'),to_date('10/08/25','DD/MM/RR'),'1','2','1');
Insert into GYM_ADMIN.MEMBERSHIPS (ID,START_DATE,END_DATE,MEMBER_ID,PLAN_ID,TRAINER_ID) values ('7',to_date('14/08/25','DD/MM/RR'),to_date('21/04/25','DD/MM/RR'),'2','1','3');
Insert into GYM_ADMIN.MEMBERSHIPS (ID,START_DATE,END_DATE,MEMBER_ID,PLAN_ID,TRAINER_ID) values ('8',to_date('08/07/25','DD/MM/RR'),to_date('05/09/25','DD/MM/RR'),'3','2','2');
Insert into GYM_ADMIN.MEMBERSHIPS (ID,START_DATE,END_DATE,MEMBER_ID,PLAN_ID,TRAINER_ID) values ('9',to_date('28/06/25','DD/MM/RR'),to_date('25/06/25','DD/MM/RR'),'4','2','3');
Insert into GYM_ADMIN.MEMBERSHIPS (ID,START_DATE,END_DATE,MEMBER_ID,PLAN_ID,TRAINER_ID) values ('10',to_date('11/05/25','DD/MM/RR'),to_date('30/08/25','DD/MM/RR'),'5','1','2');
Insert into GYM_ADMIN.MEMBERSHIPS (ID,START_DATE,END_DATE,MEMBER_ID,PLAN_ID,TRAINER_ID) values ('11',to_date('23/11/25','DD/MM/RR'),to_date('14/02/25','DD/MM/RR'),'6','1','5');
Insert into GYM_ADMIN.MEMBERSHIPS (ID,START_DATE,END_DATE,MEMBER_ID,PLAN_ID,TRAINER_ID) values ('12',to_date('07/03/25','DD/MM/RR'),to_date('21/07/25','DD/MM/RR'),'7','3','2');
Insert into GYM_ADMIN.MEMBERSHIPS (ID,START_DATE,END_DATE,MEMBER_ID,PLAN_ID,TRAINER_ID) values ('13',to_date('23/11/25','DD/MM/RR'),to_date('09/01/26','DD/MM/RR'),'8','1','3');
Insert into GYM_ADMIN.MEMBERSHIPS (ID,START_DATE,END_DATE,MEMBER_ID,PLAN_ID,TRAINER_ID) values ('14',to_date('14/10/25','DD/MM/RR'),to_date('21/04/25','DD/MM/RR'),'9','1','5');
Insert into GYM_ADMIN.MEMBERSHIPS (ID,START_DATE,END_DATE,MEMBER_ID,PLAN_ID,TRAINER_ID) values ('15',to_date('24/07/25','DD/MM/RR'),to_date('11/01/26','DD/MM/RR'),'10','3','2');
Insert into GYM_ADMIN.MEMBERSHIPS (ID,START_DATE,END_DATE,MEMBER_ID,PLAN_ID,TRAINER_ID) values ('16',to_date('08/11/25','DD/MM/RR'),to_date('17/04/25','DD/MM/RR'),'11','3','5');
Insert into GYM_ADMIN.MEMBERSHIPS (ID,START_DATE,END_DATE,MEMBER_ID,PLAN_ID,TRAINER_ID) values ('17',to_date('12/05/25','DD/MM/RR'),to_date('19/09/25','DD/MM/RR'),'12','1','3');
Insert into GYM_ADMIN.MEMBERSHIPS (ID,START_DATE,END_DATE,MEMBER_ID,PLAN_ID,TRAINER_ID) values ('18',to_date('04/11/25','DD/MM/RR'),to_date('04/10/25','DD/MM/RR'),'13','2','2');
Insert into GYM_ADMIN.MEMBERSHIPS (ID,START_DATE,END_DATE,MEMBER_ID,PLAN_ID,TRAINER_ID) values ('19',to_date('19/09/25','DD/MM/RR'),to_date('06/04/25','DD/MM/RR'),'14','1','3');
Insert into GYM_ADMIN.MEMBERSHIPS (ID,START_DATE,END_DATE,MEMBER_ID,PLAN_ID,TRAINER_ID) values ('20',to_date('30/12/25','DD/MM/RR'),to_date('20/04/25','DD/MM/RR'),'15','2','3');
Insert into GYM_ADMIN.MEMBERSHIPS (ID,START_DATE,END_DATE,MEMBER_ID,PLAN_ID,TRAINER_ID) values ('21',to_date('01/03/25','DD/MM/RR'),to_date('17/03/25','DD/MM/RR'),'16','3','2');
Insert into GYM_ADMIN.MEMBERSHIPS (ID,START_DATE,END_DATE,MEMBER_ID,PLAN_ID,TRAINER_ID) values ('22',to_date('25/10/25','DD/MM/RR'),to_date('06/10/25','DD/MM/RR'),'17','1','1');
Insert into GYM_ADMIN.MEMBERSHIPS (ID,START_DATE,END_DATE,MEMBER_ID,PLAN_ID,TRAINER_ID) values ('23',to_date('07/05/25','DD/MM/RR'),to_date('07/04/25','DD/MM/RR'),'18','3','2');
Insert into GYM_ADMIN.MEMBERSHIPS (ID,START_DATE,END_DATE,MEMBER_ID,PLAN_ID,TRAINER_ID) values ('24',to_date('15/10/25','DD/MM/RR'),to_date('14/04/25','DD/MM/RR'),'19','1','2');
Insert into GYM_ADMIN.MEMBERSHIPS (ID,START_DATE,END_DATE,MEMBER_ID,PLAN_ID,TRAINER_ID) values ('25',to_date('04/09/25','DD/MM/RR'),to_date('20/04/25','DD/MM/RR'),'20','2','1');
Insert into GYM_ADMIN.MEMBERSHIPS (ID,START_DATE,END_DATE,MEMBER_ID,PLAN_ID,TRAINER_ID) values ('26',to_date('22/02/25','DD/MM/RR'),to_date('17/05/25','DD/MM/RR'),'21','3','4');
Insert into GYM_ADMIN.MEMBERSHIPS (ID,START_DATE,END_DATE,MEMBER_ID,PLAN_ID,TRAINER_ID) values ('27',to_date('14/02/25','DD/MM/RR'),to_date('24/03/25','DD/MM/RR'),'22','3','4');
Insert into GYM_ADMIN.MEMBERSHIPS (ID,START_DATE,END_DATE,MEMBER_ID,PLAN_ID,TRAINER_ID) values ('28',to_date('09/06/25','DD/MM/RR'),to_date('19/09/25','DD/MM/RR'),'23','2','4');
Insert into GYM_ADMIN.MEMBERSHIPS (ID,START_DATE,END_DATE,MEMBER_ID,PLAN_ID,TRAINER_ID) values ('29',to_date('26/01/25','DD/MM/RR'),to_date('26/09/25','DD/MM/RR'),'24','2','4');
Insert into GYM_ADMIN.MEMBERSHIPS (ID,START_DATE,END_DATE,MEMBER_ID,PLAN_ID,TRAINER_ID) values ('30',to_date('22/11/25','DD/MM/RR'),to_date('13/03/25','DD/MM/RR'),'25','1','4');
Insert into GYM_ADMIN.MEMBERSHIPS (ID,START_DATE,END_DATE,MEMBER_ID,PLAN_ID,TRAINER_ID) values ('31',to_date('26/10/25','DD/MM/RR'),to_date('27/12/25','DD/MM/RR'),'26','3','4');
Insert into GYM_ADMIN.MEMBERSHIPS (ID,START_DATE,END_DATE,MEMBER_ID,PLAN_ID,TRAINER_ID) values ('32',to_date('17/11/25','DD/MM/RR'),to_date('24/10/25','DD/MM/RR'),'27','2','2');
Insert into GYM_ADMIN.MEMBERSHIPS (ID,START_DATE,END_DATE,MEMBER_ID,PLAN_ID,TRAINER_ID) values ('33',to_date('25/05/25','DD/MM/RR'),to_date('06/07/25','DD/MM/RR'),'28','2','1');
Insert into GYM_ADMIN.MEMBERSHIPS (ID,START_DATE,END_DATE,MEMBER_ID,PLAN_ID,TRAINER_ID) values ('34',to_date('06/07/25','DD/MM/RR'),to_date('05/05/25','DD/MM/RR'),'29','1','2');
Insert into GYM_ADMIN.MEMBERSHIPS (ID,START_DATE,END_DATE,MEMBER_ID,PLAN_ID,TRAINER_ID) values ('35',to_date('09/04/25','DD/MM/RR'),to_date('19/10/25','DD/MM/RR'),'30','1','2');
Insert into GYM_ADMIN.MEMBERSHIPS (ID,START_DATE,END_DATE,MEMBER_ID,PLAN_ID,TRAINER_ID) values ('36',to_date('26/04/25','DD/MM/RR'),to_date('30/07/25','DD/MM/RR'),'31','3','3');
Insert into GYM_ADMIN.MEMBERSHIPS (ID,START_DATE,END_DATE,MEMBER_ID,PLAN_ID,TRAINER_ID) values ('37',to_date('01/11/25','DD/MM/RR'),to_date('06/05/25','DD/MM/RR'),'32','3','4');
Insert into GYM_ADMIN.MEMBERSHIPS (ID,START_DATE,END_DATE,MEMBER_ID,PLAN_ID,TRAINER_ID) values ('38',to_date('26/04/25','DD/MM/RR'),to_date('11/05/25','DD/MM/RR'),'33','3','3');
Insert into GYM_ADMIN.MEMBERSHIPS (ID,START_DATE,END_DATE,MEMBER_ID,PLAN_ID,TRAINER_ID) values ('39',to_date('14/02/25','DD/MM/RR'),to_date('25/02/25','DD/MM/RR'),'34','2','1');
Insert into GYM_ADMIN.MEMBERSHIPS (ID,START_DATE,END_DATE,MEMBER_ID,PLAN_ID,TRAINER_ID) values ('40',to_date('09/01/25','DD/MM/RR'),to_date('21/04/25','DD/MM/RR'),'35','1','3');
Insert into GYM_ADMIN.MEMBERSHIPS (ID,START_DATE,END_DATE,MEMBER_ID,PLAN_ID,TRAINER_ID) values ('41',to_date('29/07/25','DD/MM/RR'),to_date('17/05/25','DD/MM/RR'),'36','3','5');
Insert into GYM_ADMIN.MEMBERSHIPS (ID,START_DATE,END_DATE,MEMBER_ID,PLAN_ID,TRAINER_ID) values ('42',to_date('23/11/25','DD/MM/RR'),to_date('25/07/25','DD/MM/RR'),'37','1','2');
Insert into GYM_ADMIN.MEMBERSHIPS (ID,START_DATE,END_DATE,MEMBER_ID,PLAN_ID,TRAINER_ID) values ('43',to_date('15/05/25','DD/MM/RR'),to_date('17/09/25','DD/MM/RR'),'38','3','2');
Insert into GYM_ADMIN.MEMBERSHIPS (ID,START_DATE,END_DATE,MEMBER_ID,PLAN_ID,TRAINER_ID) values ('44',to_date('10/08/25','DD/MM/RR'),to_date('24/11/25','DD/MM/RR'),'39','1','4');
Insert into GYM_ADMIN.MEMBERSHIPS (ID,START_DATE,END_DATE,MEMBER_ID,PLAN_ID,TRAINER_ID) values ('45',to_date('03/03/25','DD/MM/RR'),to_date('27/08/25','DD/MM/RR'),'40','1','1');
Insert into GYM_ADMIN.MEMBERSHIPS (ID,START_DATE,END_DATE,MEMBER_ID,PLAN_ID,TRAINER_ID) values ('46',to_date('03/01/25','DD/MM/RR'),to_date('31/07/25','DD/MM/RR'),'41','3','3');
Insert into GYM_ADMIN.MEMBERSHIPS (ID,START_DATE,END_DATE,MEMBER_ID,PLAN_ID,TRAINER_ID) values ('47',to_date('02/07/25','DD/MM/RR'),to_date('05/03/25','DD/MM/RR'),'42','1','3');
Insert into GYM_ADMIN.MEMBERSHIPS (ID,START_DATE,END_DATE,MEMBER_ID,PLAN_ID,TRAINER_ID) values ('48',to_date('24/06/25','DD/MM/RR'),to_date('16/03/25','DD/MM/RR'),'43','3','5');
Insert into GYM_ADMIN.MEMBERSHIPS (ID,START_DATE,END_DATE,MEMBER_ID,PLAN_ID,TRAINER_ID) values ('49',to_date('03/01/25','DD/MM/RR'),to_date('02/02/25','DD/MM/RR'),'44','1','2');
Insert into GYM_ADMIN.MEMBERSHIPS (ID,START_DATE,END_DATE,MEMBER_ID,PLAN_ID,TRAINER_ID) values ('50',to_date('22/12/25','DD/MM/RR'),to_date('11/11/25','DD/MM/RR'),'45','3','2');
Insert into GYM_ADMIN.MEMBERSHIPS (ID,START_DATE,END_DATE,MEMBER_ID,PLAN_ID,TRAINER_ID) values ('51',to_date('22/11/25','DD/MM/RR'),to_date('19/11/25','DD/MM/RR'),'46','3','5');
Insert into GYM_ADMIN.MEMBERSHIPS (ID,START_DATE,END_DATE,MEMBER_ID,PLAN_ID,TRAINER_ID) values ('52',to_date('03/02/25','DD/MM/RR'),to_date('01/03/25','DD/MM/RR'),'47','1','2');
Insert into GYM_ADMIN.MEMBERSHIPS (ID,START_DATE,END_DATE,MEMBER_ID,PLAN_ID,TRAINER_ID) values ('53',to_date('23/08/25','DD/MM/RR'),to_date('16/01/26','DD/MM/RR'),'48','1','1');
Insert into GYM_ADMIN.MEMBERSHIPS (ID,START_DATE,END_DATE,MEMBER_ID,PLAN_ID,TRAINER_ID) values ('54',to_date('19/09/25','DD/MM/RR'),to_date('19/12/25','DD/MM/RR'),'49','1','1');
Insert into GYM_ADMIN.MEMBERSHIPS (ID,START_DATE,END_DATE,MEMBER_ID,PLAN_ID,TRAINER_ID) values ('55',to_date('21/05/25','DD/MM/RR'),to_date('02/03/25','DD/MM/RR'),'50','2','2');
Insert into GYM_ADMIN.MEMBERSHIPS (ID,START_DATE,END_DATE,MEMBER_ID,PLAN_ID,TRAINER_ID) values ('56',to_date('09/08/25','DD/MM/RR'),to_date('22/11/25','DD/MM/RR'),'51','1','2');
Insert into GYM_ADMIN.MEMBERSHIPS (ID,START_DATE,END_DATE,MEMBER_ID,PLAN_ID,TRAINER_ID) values ('57',to_date('20/08/25','DD/MM/RR'),to_date('17/03/25','DD/MM/RR'),'52','2','3');
Insert into GYM_ADMIN.MEMBERSHIPS (ID,START_DATE,END_DATE,MEMBER_ID,PLAN_ID,TRAINER_ID) values ('58',to_date('06/08/25','DD/MM/RR'),to_date('17/12/25','DD/MM/RR'),'53','3','1');
Insert into GYM_ADMIN.MEMBERSHIPS (ID,START_DATE,END_DATE,MEMBER_ID,PLAN_ID,TRAINER_ID) values ('59',to_date('16/05/25','DD/MM/RR'),to_date('12/04/25','DD/MM/RR'),'54','1','1');
Insert into GYM_ADMIN.MEMBERSHIPS (ID,START_DATE,END_DATE,MEMBER_ID,PLAN_ID,TRAINER_ID) values ('60',to_date('30/07/25','DD/MM/RR'),to_date('10/02/25','DD/MM/RR'),'55','3','1');
Insert into GYM_ADMIN.MEMBERSHIPS (ID,START_DATE,END_DATE,MEMBER_ID,PLAN_ID,TRAINER_ID) values ('61',to_date('19/01/25','DD/MM/RR'),to_date('17/06/25','DD/MM/RR'),'56','2','1');
Insert into GYM_ADMIN.MEMBERSHIPS (ID,START_DATE,END_DATE,MEMBER_ID,PLAN_ID,TRAINER_ID) values ('62',to_date('03/01/25','DD/MM/RR'),to_date('01/12/25','DD/MM/RR'),'57','3','2');
Insert into GYM_ADMIN.MEMBERSHIPS (ID,START_DATE,END_DATE,MEMBER_ID,PLAN_ID,TRAINER_ID) values ('63',to_date('02/02/25','DD/MM/RR'),to_date('08/10/25','DD/MM/RR'),'58','2','3');
Insert into GYM_ADMIN.MEMBERSHIPS (ID,START_DATE,END_DATE,MEMBER_ID,PLAN_ID,TRAINER_ID) values ('64',to_date('03/08/25','DD/MM/RR'),to_date('08/01/26','DD/MM/RR'),'59','2','3');
Insert into GYM_ADMIN.MEMBERSHIPS (ID,START_DATE,END_DATE,MEMBER_ID,PLAN_ID,TRAINER_ID) values ('65',to_date('05/12/25','DD/MM/RR'),to_date('21/05/25','DD/MM/RR'),'60','2','4');
Insert into GYM_ADMIN.MEMBERSHIPS (ID,START_DATE,END_DATE,MEMBER_ID,PLAN_ID,TRAINER_ID) values ('66',to_date('17/12/25','DD/MM/RR'),to_date('31/01/25','DD/MM/RR'),'61','2','1');
Insert into GYM_ADMIN.MEMBERSHIPS (ID,START_DATE,END_DATE,MEMBER_ID,PLAN_ID,TRAINER_ID) values ('67',to_date('26/02/25','DD/MM/RR'),to_date('01/06/25','DD/MM/RR'),'62','1','2');
Insert into GYM_ADMIN.MEMBERSHIPS (ID,START_DATE,END_DATE,MEMBER_ID,PLAN_ID,TRAINER_ID) values ('68',to_date('29/11/25','DD/MM/RR'),to_date('04/12/25','DD/MM/RR'),'63','1','3');
Insert into GYM_ADMIN.MEMBERSHIPS (ID,START_DATE,END_DATE,MEMBER_ID,PLAN_ID,TRAINER_ID) values ('69',to_date('17/06/25','DD/MM/RR'),to_date('18/02/25','DD/MM/RR'),'64','2','4');
Insert into GYM_ADMIN.MEMBERSHIPS (ID,START_DATE,END_DATE,MEMBER_ID,PLAN_ID,TRAINER_ID) values ('70',to_date('23/08/25','DD/MM/RR'),to_date('08/03/25','DD/MM/RR'),'65','3','4');
Insert into GYM_ADMIN.MEMBERSHIPS (ID,START_DATE,END_DATE,MEMBER_ID,PLAN_ID,TRAINER_ID) values ('71',to_date('24/10/25','DD/MM/RR'),to_date('30/01/26','DD/MM/RR'),'66','1','1');
Insert into GYM_ADMIN.MEMBERSHIPS (ID,START_DATE,END_DATE,MEMBER_ID,PLAN_ID,TRAINER_ID) values ('72',to_date('25/10/25','DD/MM/RR'),to_date('08/07/25','DD/MM/RR'),'67','2','2');
Insert into GYM_ADMIN.MEMBERSHIPS (ID,START_DATE,END_DATE,MEMBER_ID,PLAN_ID,TRAINER_ID) values ('73',to_date('02/07/25','DD/MM/RR'),to_date('15/09/25','DD/MM/RR'),'68','3','3');
Insert into GYM_ADMIN.MEMBERSHIPS (ID,START_DATE,END_DATE,MEMBER_ID,PLAN_ID,TRAINER_ID) values ('74',to_date('12/01/25','DD/MM/RR'),to_date('29/03/25','DD/MM/RR'),'69','1','2');
Insert into GYM_ADMIN.MEMBERSHIPS (ID,START_DATE,END_DATE,MEMBER_ID,PLAN_ID,TRAINER_ID) values ('75',to_date('16/09/25','DD/MM/RR'),to_date('12/10/25','DD/MM/RR'),'70','2','5');
Insert into GYM_ADMIN.MEMBERSHIPS (ID,START_DATE,END_DATE,MEMBER_ID,PLAN_ID,TRAINER_ID) values ('76',to_date('04/09/25','DD/MM/RR'),to_date('21/03/25','DD/MM/RR'),'71','3','3');
Insert into GYM_ADMIN.MEMBERSHIPS (ID,START_DATE,END_DATE,MEMBER_ID,PLAN_ID,TRAINER_ID) values ('77',to_date('27/09/25','DD/MM/RR'),to_date('25/03/25','DD/MM/RR'),'72','1','2');
Insert into GYM_ADMIN.MEMBERSHIPS (ID,START_DATE,END_DATE,MEMBER_ID,PLAN_ID,TRAINER_ID) values ('78',to_date('14/01/25','DD/MM/RR'),to_date('06/06/25','DD/MM/RR'),'73','1','4');
Insert into GYM_ADMIN.MEMBERSHIPS (ID,START_DATE,END_DATE,MEMBER_ID,PLAN_ID,TRAINER_ID) values ('79',to_date('21/04/25','DD/MM/RR'),to_date('01/10/25','DD/MM/RR'),'74','3','4');
Insert into GYM_ADMIN.MEMBERSHIPS (ID,START_DATE,END_DATE,MEMBER_ID,PLAN_ID,TRAINER_ID) values ('80',to_date('09/06/25','DD/MM/RR'),to_date('07/01/26','DD/MM/RR'),'75','1','4');
Insert into GYM_ADMIN.MEMBERSHIPS (ID,START_DATE,END_DATE,MEMBER_ID,PLAN_ID,TRAINER_ID) values ('81',to_date('15/12/25','DD/MM/RR'),to_date('01/01/26','DD/MM/RR'),'76','3','5');
Insert into GYM_ADMIN.MEMBERSHIPS (ID,START_DATE,END_DATE,MEMBER_ID,PLAN_ID,TRAINER_ID) values ('82',to_date('31/12/25','DD/MM/RR'),to_date('16/06/25','DD/MM/RR'),'77','2','1');
Insert into GYM_ADMIN.MEMBERSHIPS (ID,START_DATE,END_DATE,MEMBER_ID,PLAN_ID,TRAINER_ID) values ('83',to_date('01/10/25','DD/MM/RR'),to_date('19/02/25','DD/MM/RR'),'78','2','2');
Insert into GYM_ADMIN.MEMBERSHIPS (ID,START_DATE,END_DATE,MEMBER_ID,PLAN_ID,TRAINER_ID) values ('84',to_date('27/03/25','DD/MM/RR'),to_date('04/09/25','DD/MM/RR'),'79','1','3');
Insert into GYM_ADMIN.MEMBERSHIPS (ID,START_DATE,END_DATE,MEMBER_ID,PLAN_ID,TRAINER_ID) values ('85',to_date('22/02/25','DD/MM/RR'),to_date('07/06/25','DD/MM/RR'),'80','2','5');
Insert into GYM_ADMIN.MEMBERSHIPS (ID,START_DATE,END_DATE,MEMBER_ID,PLAN_ID,TRAINER_ID) values ('86',to_date('13/10/25','DD/MM/RR'),to_date('02/12/25','DD/MM/RR'),'81','1','5');
Insert into GYM_ADMIN.MEMBERSHIPS (ID,START_DATE,END_DATE,MEMBER_ID,PLAN_ID,TRAINER_ID) values ('87',to_date('16/04/25','DD/MM/RR'),to_date('27/09/25','DD/MM/RR'),'82','1','3');
Insert into GYM_ADMIN.MEMBERSHIPS (ID,START_DATE,END_DATE,MEMBER_ID,PLAN_ID,TRAINER_ID) values ('88',to_date('03/02/25','DD/MM/RR'),to_date('21/07/25','DD/MM/RR'),'83','3','4');
Insert into GYM_ADMIN.MEMBERSHIPS (ID,START_DATE,END_DATE,MEMBER_ID,PLAN_ID,TRAINER_ID) values ('89',to_date('14/08/25','DD/MM/RR'),to_date('26/05/25','DD/MM/RR'),'84','3','4');
Insert into GYM_ADMIN.MEMBERSHIPS (ID,START_DATE,END_DATE,MEMBER_ID,PLAN_ID,TRAINER_ID) values ('90',to_date('05/07/25','DD/MM/RR'),to_date('21/07/25','DD/MM/RR'),'85','3','3');
Insert into GYM_ADMIN.MEMBERSHIPS (ID,START_DATE,END_DATE,MEMBER_ID,PLAN_ID,TRAINER_ID) values ('91',to_date('14/03/25','DD/MM/RR'),to_date('19/10/25','DD/MM/RR'),'86','2','2');
Insert into GYM_ADMIN.MEMBERSHIPS (ID,START_DATE,END_DATE,MEMBER_ID,PLAN_ID,TRAINER_ID) values ('92',to_date('10/12/25','DD/MM/RR'),to_date('09/08/25','DD/MM/RR'),'87','1','3');
Insert into GYM_ADMIN.MEMBERSHIPS (ID,START_DATE,END_DATE,MEMBER_ID,PLAN_ID,TRAINER_ID) values ('93',to_date('06/01/25','DD/MM/RR'),to_date('13/05/25','DD/MM/RR'),'88','2','2');
Insert into GYM_ADMIN.MEMBERSHIPS (ID,START_DATE,END_DATE,MEMBER_ID,PLAN_ID,TRAINER_ID) values ('94',to_date('09/10/25','DD/MM/RR'),to_date('09/06/25','DD/MM/RR'),'89','2','2');
Insert into GYM_ADMIN.MEMBERSHIPS (ID,START_DATE,END_DATE,MEMBER_ID,PLAN_ID,TRAINER_ID) values ('95',to_date('30/07/25','DD/MM/RR'),to_date('23/03/25','DD/MM/RR'),'90','2','1');
Insert into GYM_ADMIN.MEMBERSHIPS (ID,START_DATE,END_DATE,MEMBER_ID,PLAN_ID,TRAINER_ID) values ('96',to_date('05/11/25','DD/MM/RR'),to_date('03/08/25','DD/MM/RR'),'91','3','2');
Insert into GYM_ADMIN.MEMBERSHIPS (ID,START_DATE,END_DATE,MEMBER_ID,PLAN_ID,TRAINER_ID) values ('97',to_date('16/05/25','DD/MM/RR'),to_date('22/06/25','DD/MM/RR'),'92','3','4');
Insert into GYM_ADMIN.MEMBERSHIPS (ID,START_DATE,END_DATE,MEMBER_ID,PLAN_ID,TRAINER_ID) values ('98',to_date('24/01/25','DD/MM/RR'),to_date('26/01/26','DD/MM/RR'),'93','1','2');
Insert into GYM_ADMIN.MEMBERSHIPS (ID,START_DATE,END_DATE,MEMBER_ID,PLAN_ID,TRAINER_ID) values ('99',to_date('24/01/25','DD/MM/RR'),to_date('16/01/26','DD/MM/RR'),'94','1','4');
Insert into GYM_ADMIN.MEMBERSHIPS (ID,START_DATE,END_DATE,MEMBER_ID,PLAN_ID,TRAINER_ID) values ('100',to_date('11/05/25','DD/MM/RR'),to_date('01/06/25','DD/MM/RR'),'95','1','2');
Insert into GYM_ADMIN.MEMBERSHIPS (ID,START_DATE,END_DATE,MEMBER_ID,PLAN_ID,TRAINER_ID) values ('101',to_date('09/12/25','DD/MM/RR'),to_date('09/01/26','DD/MM/RR'),'96','3','5');
Insert into GYM_ADMIN.MEMBERSHIPS (ID,START_DATE,END_DATE,MEMBER_ID,PLAN_ID,TRAINER_ID) values ('102',to_date('29/10/25','DD/MM/RR'),to_date('28/05/25','DD/MM/RR'),'97','3','1');
Insert into GYM_ADMIN.MEMBERSHIPS (ID,START_DATE,END_DATE,MEMBER_ID,PLAN_ID,TRAINER_ID) values ('103',to_date('17/06/25','DD/MM/RR'),to_date('10/05/25','DD/MM/RR'),'98','3','2');
Insert into GYM_ADMIN.MEMBERSHIPS (ID,START_DATE,END_DATE,MEMBER_ID,PLAN_ID,TRAINER_ID) values ('104',to_date('22/12/25','DD/MM/RR'),to_date('19/08/25','DD/MM/RR'),'99','3','3');
Insert into GYM_ADMIN.MEMBERSHIPS (ID,START_DATE,END_DATE,MEMBER_ID,PLAN_ID,TRAINER_ID) values ('105',to_date('08/02/25','DD/MM/RR'),to_date('17/08/25','DD/MM/RR'),'100','1','1');
REM INSERTING into GYM_ADMIN.PAYMENTS
SET DEFINE OFF;
Insert into GYM_ADMIN.PAYMENTS (ID,AMOUNT,PAYMENT_DATE,MEMBERSHIP_ID) values ('126','50',to_date('09/10/25','DD/MM/RR'),'1');
Insert into GYM_ADMIN.PAYMENTS (ID,AMOUNT,PAYMENT_DATE,MEMBERSHIP_ID) values ('127','50',to_date('20/10/25','DD/MM/RR'),'4');
Insert into GYM_ADMIN.PAYMENTS (ID,AMOUNT,PAYMENT_DATE,MEMBERSHIP_ID) values ('128','50',to_date('10/10/25','DD/MM/RR'),'7');
Insert into GYM_ADMIN.PAYMENTS (ID,AMOUNT,PAYMENT_DATE,MEMBERSHIP_ID) values ('129','50',to_date('23/03/25','DD/MM/RR'),'10');
Insert into GYM_ADMIN.PAYMENTS (ID,AMOUNT,PAYMENT_DATE,MEMBERSHIP_ID) values ('130','50',to_date('19/11/25','DD/MM/RR'),'11');
Insert into GYM_ADMIN.PAYMENTS (ID,AMOUNT,PAYMENT_DATE,MEMBERSHIP_ID) values ('131','50',to_date('15/11/25','DD/MM/RR'),'13');
Insert into GYM_ADMIN.PAYMENTS (ID,AMOUNT,PAYMENT_DATE,MEMBERSHIP_ID) values ('132','50',to_date('18/07/25','DD/MM/RR'),'14');
Insert into GYM_ADMIN.PAYMENTS (ID,AMOUNT,PAYMENT_DATE,MEMBERSHIP_ID) values ('133','50',to_date('07/01/25','DD/MM/RR'),'17');
Insert into GYM_ADMIN.PAYMENTS (ID,AMOUNT,PAYMENT_DATE,MEMBERSHIP_ID) values ('134','50',to_date('12/03/25','DD/MM/RR'),'19');
Insert into GYM_ADMIN.PAYMENTS (ID,AMOUNT,PAYMENT_DATE,MEMBERSHIP_ID) values ('135','50',to_date('23/07/25','DD/MM/RR'),'22');
Insert into GYM_ADMIN.PAYMENTS (ID,AMOUNT,PAYMENT_DATE,MEMBERSHIP_ID) values ('136','50',to_date('22/02/25','DD/MM/RR'),'24');
Insert into GYM_ADMIN.PAYMENTS (ID,AMOUNT,PAYMENT_DATE,MEMBERSHIP_ID) values ('137','50',to_date('10/06/25','DD/MM/RR'),'30');
Insert into GYM_ADMIN.PAYMENTS (ID,AMOUNT,PAYMENT_DATE,MEMBERSHIP_ID) values ('138','50',to_date('28/11/25','DD/MM/RR'),'34');
Insert into GYM_ADMIN.PAYMENTS (ID,AMOUNT,PAYMENT_DATE,MEMBERSHIP_ID) values ('139','50',to_date('02/04/25','DD/MM/RR'),'35');
Insert into GYM_ADMIN.PAYMENTS (ID,AMOUNT,PAYMENT_DATE,MEMBERSHIP_ID) values ('140','50',to_date('29/06/25','DD/MM/RR'),'40');
Insert into GYM_ADMIN.PAYMENTS (ID,AMOUNT,PAYMENT_DATE,MEMBERSHIP_ID) values ('141','50',to_date('26/07/25','DD/MM/RR'),'42');
Insert into GYM_ADMIN.PAYMENTS (ID,AMOUNT,PAYMENT_DATE,MEMBERSHIP_ID) values ('142','50',to_date('14/08/25','DD/MM/RR'),'44');
Insert into GYM_ADMIN.PAYMENTS (ID,AMOUNT,PAYMENT_DATE,MEMBERSHIP_ID) values ('143','50',to_date('15/05/25','DD/MM/RR'),'45');
Insert into GYM_ADMIN.PAYMENTS (ID,AMOUNT,PAYMENT_DATE,MEMBERSHIP_ID) values ('144','50',to_date('10/01/25','DD/MM/RR'),'47');
Insert into GYM_ADMIN.PAYMENTS (ID,AMOUNT,PAYMENT_DATE,MEMBERSHIP_ID) values ('145','50',to_date('04/12/25','DD/MM/RR'),'49');
Insert into GYM_ADMIN.PAYMENTS (ID,AMOUNT,PAYMENT_DATE,MEMBERSHIP_ID) values ('146','50',to_date('18/01/25','DD/MM/RR'),'52');
Insert into GYM_ADMIN.PAYMENTS (ID,AMOUNT,PAYMENT_DATE,MEMBERSHIP_ID) values ('147','50',to_date('17/08/25','DD/MM/RR'),'53');
Insert into GYM_ADMIN.PAYMENTS (ID,AMOUNT,PAYMENT_DATE,MEMBERSHIP_ID) values ('148','50',to_date('01/08/25','DD/MM/RR'),'54');
Insert into GYM_ADMIN.PAYMENTS (ID,AMOUNT,PAYMENT_DATE,MEMBERSHIP_ID) values ('149','50',to_date('02/09/25','DD/MM/RR'),'56');
Insert into GYM_ADMIN.PAYMENTS (ID,AMOUNT,PAYMENT_DATE,MEMBERSHIP_ID) values ('150','50',to_date('10/09/25','DD/MM/RR'),'59');
Insert into GYM_ADMIN.PAYMENTS (ID,AMOUNT,PAYMENT_DATE,MEMBERSHIP_ID) values ('151','50',to_date('17/02/25','DD/MM/RR'),'67');
Insert into GYM_ADMIN.PAYMENTS (ID,AMOUNT,PAYMENT_DATE,MEMBERSHIP_ID) values ('152','50',to_date('16/02/25','DD/MM/RR'),'68');
Insert into GYM_ADMIN.PAYMENTS (ID,AMOUNT,PAYMENT_DATE,MEMBERSHIP_ID) values ('153','50',to_date('26/04/25','DD/MM/RR'),'71');
Insert into GYM_ADMIN.PAYMENTS (ID,AMOUNT,PAYMENT_DATE,MEMBERSHIP_ID) values ('154','50',to_date('30/06/25','DD/MM/RR'),'74');
Insert into GYM_ADMIN.PAYMENTS (ID,AMOUNT,PAYMENT_DATE,MEMBERSHIP_ID) values ('155','50',to_date('24/04/25','DD/MM/RR'),'77');
Insert into GYM_ADMIN.PAYMENTS (ID,AMOUNT,PAYMENT_DATE,MEMBERSHIP_ID) values ('156','50',to_date('01/01/25','DD/MM/RR'),'78');
Insert into GYM_ADMIN.PAYMENTS (ID,AMOUNT,PAYMENT_DATE,MEMBERSHIP_ID) values ('157','50',to_date('31/01/25','DD/MM/RR'),'80');
Insert into GYM_ADMIN.PAYMENTS (ID,AMOUNT,PAYMENT_DATE,MEMBERSHIP_ID) values ('158','50',to_date('29/09/25','DD/MM/RR'),'84');
Insert into GYM_ADMIN.PAYMENTS (ID,AMOUNT,PAYMENT_DATE,MEMBERSHIP_ID) values ('159','50',to_date('02/08/25','DD/MM/RR'),'86');
Insert into GYM_ADMIN.PAYMENTS (ID,AMOUNT,PAYMENT_DATE,MEMBERSHIP_ID) values ('160','50',to_date('22/06/25','DD/MM/RR'),'87');
Insert into GYM_ADMIN.PAYMENTS (ID,AMOUNT,PAYMENT_DATE,MEMBERSHIP_ID) values ('161','50',to_date('27/08/25','DD/MM/RR'),'92');
Insert into GYM_ADMIN.PAYMENTS (ID,AMOUNT,PAYMENT_DATE,MEMBERSHIP_ID) values ('162','50',to_date('15/10/25','DD/MM/RR'),'98');
Insert into GYM_ADMIN.PAYMENTS (ID,AMOUNT,PAYMENT_DATE,MEMBERSHIP_ID) values ('163','50',to_date('10/06/25','DD/MM/RR'),'99');
Insert into GYM_ADMIN.PAYMENTS (ID,AMOUNT,PAYMENT_DATE,MEMBERSHIP_ID) values ('164','50',to_date('06/10/25','DD/MM/RR'),'100');
Insert into GYM_ADMIN.PAYMENTS (ID,AMOUNT,PAYMENT_DATE,MEMBERSHIP_ID) values ('165','50',to_date('30/10/25','DD/MM/RR'),'105');
Insert into GYM_ADMIN.PAYMENTS (ID,AMOUNT,PAYMENT_DATE,MEMBERSHIP_ID) values ('166','80',to_date('26/06/25','DD/MM/RR'),'2');
Insert into GYM_ADMIN.PAYMENTS (ID,AMOUNT,PAYMENT_DATE,MEMBERSHIP_ID) values ('167','80',to_date('26/09/25','DD/MM/RR'),'5');
Insert into GYM_ADMIN.PAYMENTS (ID,AMOUNT,PAYMENT_DATE,MEMBERSHIP_ID) values ('168','80',to_date('27/09/25','DD/MM/RR'),'6');
Insert into GYM_ADMIN.PAYMENTS (ID,AMOUNT,PAYMENT_DATE,MEMBERSHIP_ID) values ('169','80',to_date('23/11/25','DD/MM/RR'),'8');
Insert into GYM_ADMIN.PAYMENTS (ID,AMOUNT,PAYMENT_DATE,MEMBERSHIP_ID) values ('170','80',to_date('13/02/25','DD/MM/RR'),'9');
Insert into GYM_ADMIN.PAYMENTS (ID,AMOUNT,PAYMENT_DATE,MEMBERSHIP_ID) values ('171','80',to_date('07/04/25','DD/MM/RR'),'18');
Insert into GYM_ADMIN.PAYMENTS (ID,AMOUNT,PAYMENT_DATE,MEMBERSHIP_ID) values ('172','80',to_date('14/12/25','DD/MM/RR'),'20');
Insert into GYM_ADMIN.PAYMENTS (ID,AMOUNT,PAYMENT_DATE,MEMBERSHIP_ID) values ('173','80',to_date('07/01/25','DD/MM/RR'),'25');
Insert into GYM_ADMIN.PAYMENTS (ID,AMOUNT,PAYMENT_DATE,MEMBERSHIP_ID) values ('174','80',to_date('09/09/25','DD/MM/RR'),'28');
Insert into GYM_ADMIN.PAYMENTS (ID,AMOUNT,PAYMENT_DATE,MEMBERSHIP_ID) values ('175','80',to_date('15/02/25','DD/MM/RR'),'29');
Insert into GYM_ADMIN.PAYMENTS (ID,AMOUNT,PAYMENT_DATE,MEMBERSHIP_ID) values ('176','80',to_date('31/07/25','DD/MM/RR'),'32');
Insert into GYM_ADMIN.PAYMENTS (ID,AMOUNT,PAYMENT_DATE,MEMBERSHIP_ID) values ('177','80',to_date('02/04/25','DD/MM/RR'),'33');
Insert into GYM_ADMIN.PAYMENTS (ID,AMOUNT,PAYMENT_DATE,MEMBERSHIP_ID) values ('178','80',to_date('13/04/25','DD/MM/RR'),'39');
Insert into GYM_ADMIN.PAYMENTS (ID,AMOUNT,PAYMENT_DATE,MEMBERSHIP_ID) values ('179','80',to_date('25/01/25','DD/MM/RR'),'55');
Insert into GYM_ADMIN.PAYMENTS (ID,AMOUNT,PAYMENT_DATE,MEMBERSHIP_ID) values ('180','80',to_date('11/05/25','DD/MM/RR'),'57');
Insert into GYM_ADMIN.PAYMENTS (ID,AMOUNT,PAYMENT_DATE,MEMBERSHIP_ID) values ('181','80',to_date('19/06/25','DD/MM/RR'),'61');
Insert into GYM_ADMIN.PAYMENTS (ID,AMOUNT,PAYMENT_DATE,MEMBERSHIP_ID) values ('182','80',to_date('07/12/25','DD/MM/RR'),'63');
Insert into GYM_ADMIN.PAYMENTS (ID,AMOUNT,PAYMENT_DATE,MEMBERSHIP_ID) values ('183','80',to_date('25/11/25','DD/MM/RR'),'64');
Insert into GYM_ADMIN.PAYMENTS (ID,AMOUNT,PAYMENT_DATE,MEMBERSHIP_ID) values ('184','80',to_date('17/07/25','DD/MM/RR'),'65');
Insert into GYM_ADMIN.PAYMENTS (ID,AMOUNT,PAYMENT_DATE,MEMBERSHIP_ID) values ('185','80',to_date('18/05/25','DD/MM/RR'),'66');
Insert into GYM_ADMIN.PAYMENTS (ID,AMOUNT,PAYMENT_DATE,MEMBERSHIP_ID) values ('186','80',to_date('09/03/25','DD/MM/RR'),'69');
Insert into GYM_ADMIN.PAYMENTS (ID,AMOUNT,PAYMENT_DATE,MEMBERSHIP_ID) values ('187','80',to_date('18/07/25','DD/MM/RR'),'72');
Insert into GYM_ADMIN.PAYMENTS (ID,AMOUNT,PAYMENT_DATE,MEMBERSHIP_ID) values ('188','80',to_date('07/02/25','DD/MM/RR'),'75');
Insert into GYM_ADMIN.PAYMENTS (ID,AMOUNT,PAYMENT_DATE,MEMBERSHIP_ID) values ('189','80',to_date('08/12/25','DD/MM/RR'),'82');
Insert into GYM_ADMIN.PAYMENTS (ID,AMOUNT,PAYMENT_DATE,MEMBERSHIP_ID) values ('190','80',to_date('21/02/25','DD/MM/RR'),'83');
Insert into GYM_ADMIN.PAYMENTS (ID,AMOUNT,PAYMENT_DATE,MEMBERSHIP_ID) values ('191','80',to_date('13/08/25','DD/MM/RR'),'85');
Insert into GYM_ADMIN.PAYMENTS (ID,AMOUNT,PAYMENT_DATE,MEMBERSHIP_ID) values ('192','80',to_date('03/02/25','DD/MM/RR'),'91');
Insert into GYM_ADMIN.PAYMENTS (ID,AMOUNT,PAYMENT_DATE,MEMBERSHIP_ID) values ('193','80',to_date('12/09/25','DD/MM/RR'),'93');
Insert into GYM_ADMIN.PAYMENTS (ID,AMOUNT,PAYMENT_DATE,MEMBERSHIP_ID) values ('194','80',to_date('10/09/25','DD/MM/RR'),'94');
Insert into GYM_ADMIN.PAYMENTS (ID,AMOUNT,PAYMENT_DATE,MEMBERSHIP_ID) values ('195','80',to_date('03/04/25','DD/MM/RR'),'95');
Insert into GYM_ADMIN.PAYMENTS (ID,AMOUNT,PAYMENT_DATE,MEMBERSHIP_ID) values ('196','120',to_date('25/05/25','DD/MM/RR'),'3');
Insert into GYM_ADMIN.PAYMENTS (ID,AMOUNT,PAYMENT_DATE,MEMBERSHIP_ID) values ('197','120',to_date('07/02/25','DD/MM/RR'),'12');
Insert into GYM_ADMIN.PAYMENTS (ID,AMOUNT,PAYMENT_DATE,MEMBERSHIP_ID) values ('198','120',to_date('07/02/25','DD/MM/RR'),'15');
Insert into GYM_ADMIN.PAYMENTS (ID,AMOUNT,PAYMENT_DATE,MEMBERSHIP_ID) values ('199','120',to_date('07/10/25','DD/MM/RR'),'16');
Insert into GYM_ADMIN.PAYMENTS (ID,AMOUNT,PAYMENT_DATE,MEMBERSHIP_ID) values ('200','120',to_date('27/10/25','DD/MM/RR'),'21');
Insert into GYM_ADMIN.PAYMENTS (ID,AMOUNT,PAYMENT_DATE,MEMBERSHIP_ID) values ('201','120',to_date('02/03/25','DD/MM/RR'),'23');
Insert into GYM_ADMIN.PAYMENTS (ID,AMOUNT,PAYMENT_DATE,MEMBERSHIP_ID) values ('202','120',to_date('22/11/25','DD/MM/RR'),'26');
Insert into GYM_ADMIN.PAYMENTS (ID,AMOUNT,PAYMENT_DATE,MEMBERSHIP_ID) values ('203','120',to_date('14/07/25','DD/MM/RR'),'27');
Insert into GYM_ADMIN.PAYMENTS (ID,AMOUNT,PAYMENT_DATE,MEMBERSHIP_ID) values ('204','120',to_date('09/09/25','DD/MM/RR'),'31');
Insert into GYM_ADMIN.PAYMENTS (ID,AMOUNT,PAYMENT_DATE,MEMBERSHIP_ID) values ('205','120',to_date('20/05/25','DD/MM/RR'),'36');
Insert into GYM_ADMIN.PAYMENTS (ID,AMOUNT,PAYMENT_DATE,MEMBERSHIP_ID) values ('206','120',to_date('04/04/25','DD/MM/RR'),'37');
Insert into GYM_ADMIN.PAYMENTS (ID,AMOUNT,PAYMENT_DATE,MEMBERSHIP_ID) values ('207','120',to_date('15/09/25','DD/MM/RR'),'38');
Insert into GYM_ADMIN.PAYMENTS (ID,AMOUNT,PAYMENT_DATE,MEMBERSHIP_ID) values ('208','120',to_date('27/07/25','DD/MM/RR'),'41');
Insert into GYM_ADMIN.PAYMENTS (ID,AMOUNT,PAYMENT_DATE,MEMBERSHIP_ID) values ('209','120',to_date('11/10/25','DD/MM/RR'),'43');
Insert into GYM_ADMIN.PAYMENTS (ID,AMOUNT,PAYMENT_DATE,MEMBERSHIP_ID) values ('210','120',to_date('19/05/25','DD/MM/RR'),'46');
Insert into GYM_ADMIN.PAYMENTS (ID,AMOUNT,PAYMENT_DATE,MEMBERSHIP_ID) values ('211','120',to_date('11/05/25','DD/MM/RR'),'48');
Insert into GYM_ADMIN.PAYMENTS (ID,AMOUNT,PAYMENT_DATE,MEMBERSHIP_ID) values ('212','120',to_date('20/07/25','DD/MM/RR'),'50');
Insert into GYM_ADMIN.PAYMENTS (ID,AMOUNT,PAYMENT_DATE,MEMBERSHIP_ID) values ('213','120',to_date('04/09/25','DD/MM/RR'),'51');
Insert into GYM_ADMIN.PAYMENTS (ID,AMOUNT,PAYMENT_DATE,MEMBERSHIP_ID) values ('214','120',to_date('27/06/25','DD/MM/RR'),'58');
Insert into GYM_ADMIN.PAYMENTS (ID,AMOUNT,PAYMENT_DATE,MEMBERSHIP_ID) values ('215','120',to_date('05/01/25','DD/MM/RR'),'60');
Insert into GYM_ADMIN.PAYMENTS (ID,AMOUNT,PAYMENT_DATE,MEMBERSHIP_ID) values ('216','120',to_date('12/01/25','DD/MM/RR'),'62');
Insert into GYM_ADMIN.PAYMENTS (ID,AMOUNT,PAYMENT_DATE,MEMBERSHIP_ID) values ('217','120',to_date('21/12/25','DD/MM/RR'),'70');
Insert into GYM_ADMIN.PAYMENTS (ID,AMOUNT,PAYMENT_DATE,MEMBERSHIP_ID) values ('218','120',to_date('26/12/25','DD/MM/RR'),'73');
Insert into GYM_ADMIN.PAYMENTS (ID,AMOUNT,PAYMENT_DATE,MEMBERSHIP_ID) values ('219','120',to_date('13/11/25','DD/MM/RR'),'76');
Insert into GYM_ADMIN.PAYMENTS (ID,AMOUNT,PAYMENT_DATE,MEMBERSHIP_ID) values ('220','120',to_date('07/10/25','DD/MM/RR'),'79');
Insert into GYM_ADMIN.PAYMENTS (ID,AMOUNT,PAYMENT_DATE,MEMBERSHIP_ID) values ('221','120',to_date('16/08/25','DD/MM/RR'),'81');
Insert into GYM_ADMIN.PAYMENTS (ID,AMOUNT,PAYMENT_DATE,MEMBERSHIP_ID) values ('222','120',to_date('09/05/25','DD/MM/RR'),'88');
Insert into GYM_ADMIN.PAYMENTS (ID,AMOUNT,PAYMENT_DATE,MEMBERSHIP_ID) values ('223','120',to_date('31/10/25','DD/MM/RR'),'89');
Insert into GYM_ADMIN.PAYMENTS (ID,AMOUNT,PAYMENT_DATE,MEMBERSHIP_ID) values ('224','120',to_date('04/08/25','DD/MM/RR'),'90');
Insert into GYM_ADMIN.PAYMENTS (ID,AMOUNT,PAYMENT_DATE,MEMBERSHIP_ID) values ('225','120',to_date('23/10/25','DD/MM/RR'),'96');
Insert into GYM_ADMIN.PAYMENTS (ID,AMOUNT,PAYMENT_DATE,MEMBERSHIP_ID) values ('226','120',to_date('09/07/25','DD/MM/RR'),'97');
Insert into GYM_ADMIN.PAYMENTS (ID,AMOUNT,PAYMENT_DATE,MEMBERSHIP_ID) values ('227','120',to_date('07/05/25','DD/MM/RR'),'101');
Insert into GYM_ADMIN.PAYMENTS (ID,AMOUNT,PAYMENT_DATE,MEMBERSHIP_ID) values ('228','120',to_date('14/02/25','DD/MM/RR'),'102');
Insert into GYM_ADMIN.PAYMENTS (ID,AMOUNT,PAYMENT_DATE,MEMBERSHIP_ID) values ('229','120',to_date('17/10/25','DD/MM/RR'),'103');
Insert into GYM_ADMIN.PAYMENTS (ID,AMOUNT,PAYMENT_DATE,MEMBERSHIP_ID) values ('230','120',to_date('21/11/25','DD/MM/RR'),'104');
REM INSERTING into GYM_ADMIN.PLANS
SET DEFINE OFF;
Insert into GYM_ADMIN.PLANS (ID,NAME,DESCRIPTION,PRICE) values ('1','Básico','Acceso al gimnasio 3 veces por semana','50');
Insert into GYM_ADMIN.PLANS (ID,NAME,DESCRIPTION,PRICE) values ('2','Estándar','Acceso ilimitado al gimnasio','80');
Insert into GYM_ADMIN.PLANS (ID,NAME,DESCRIPTION,PRICE) values ('3','Premium','Acceso ilimitado + clases grupales','120');
REM INSERTING into GYM_ADMIN.ROUTINE_EXERCISES
SET DEFINE OFF;
Insert into GYM_ADMIN.ROUTINE_EXERCISES (ROUTINE_ID,EXERCISE_ID) values ('1','1');
Insert into GYM_ADMIN.ROUTINE_EXERCISES (ROUTINE_ID,EXERCISE_ID) values ('1','2');
Insert into GYM_ADMIN.ROUTINE_EXERCISES (ROUTINE_ID,EXERCISE_ID) values ('1','3');
Insert into GYM_ADMIN.ROUTINE_EXERCISES (ROUTINE_ID,EXERCISE_ID) values ('1','4');
Insert into GYM_ADMIN.ROUTINE_EXERCISES (ROUTINE_ID,EXERCISE_ID) values ('1','5');
Insert into GYM_ADMIN.ROUTINE_EXERCISES (ROUTINE_ID,EXERCISE_ID) values ('1','6');
Insert into GYM_ADMIN.ROUTINE_EXERCISES (ROUTINE_ID,EXERCISE_ID) values ('1','7');
Insert into GYM_ADMIN.ROUTINE_EXERCISES (ROUTINE_ID,EXERCISE_ID) values ('1','8');
Insert into GYM_ADMIN.ROUTINE_EXERCISES (ROUTINE_ID,EXERCISE_ID) values ('1','9');
Insert into GYM_ADMIN.ROUTINE_EXERCISES (ROUTINE_ID,EXERCISE_ID) values ('1','10');
Insert into GYM_ADMIN.ROUTINE_EXERCISES (ROUTINE_ID,EXERCISE_ID) values ('2','1');
Insert into GYM_ADMIN.ROUTINE_EXERCISES (ROUTINE_ID,EXERCISE_ID) values ('2','2');
Insert into GYM_ADMIN.ROUTINE_EXERCISES (ROUTINE_ID,EXERCISE_ID) values ('2','3');
Insert into GYM_ADMIN.ROUTINE_EXERCISES (ROUTINE_ID,EXERCISE_ID) values ('2','4');
Insert into GYM_ADMIN.ROUTINE_EXERCISES (ROUTINE_ID,EXERCISE_ID) values ('2','5');
Insert into GYM_ADMIN.ROUTINE_EXERCISES (ROUTINE_ID,EXERCISE_ID) values ('2','6');
Insert into GYM_ADMIN.ROUTINE_EXERCISES (ROUTINE_ID,EXERCISE_ID) values ('2','7');
Insert into GYM_ADMIN.ROUTINE_EXERCISES (ROUTINE_ID,EXERCISE_ID) values ('2','8');
Insert into GYM_ADMIN.ROUTINE_EXERCISES (ROUTINE_ID,EXERCISE_ID) values ('2','9');
Insert into GYM_ADMIN.ROUTINE_EXERCISES (ROUTINE_ID,EXERCISE_ID) values ('2','10');
Insert into GYM_ADMIN.ROUTINE_EXERCISES (ROUTINE_ID,EXERCISE_ID) values ('3','1');
Insert into GYM_ADMIN.ROUTINE_EXERCISES (ROUTINE_ID,EXERCISE_ID) values ('3','2');
Insert into GYM_ADMIN.ROUTINE_EXERCISES (ROUTINE_ID,EXERCISE_ID) values ('3','3');
Insert into GYM_ADMIN.ROUTINE_EXERCISES (ROUTINE_ID,EXERCISE_ID) values ('3','4');
Insert into GYM_ADMIN.ROUTINE_EXERCISES (ROUTINE_ID,EXERCISE_ID) values ('3','5');
Insert into GYM_ADMIN.ROUTINE_EXERCISES (ROUTINE_ID,EXERCISE_ID) values ('3','6');
Insert into GYM_ADMIN.ROUTINE_EXERCISES (ROUTINE_ID,EXERCISE_ID) values ('3','7');
Insert into GYM_ADMIN.ROUTINE_EXERCISES (ROUTINE_ID,EXERCISE_ID) values ('3','8');
Insert into GYM_ADMIN.ROUTINE_EXERCISES (ROUTINE_ID,EXERCISE_ID) values ('3','9');
Insert into GYM_ADMIN.ROUTINE_EXERCISES (ROUTINE_ID,EXERCISE_ID) values ('3','10');
Insert into GYM_ADMIN.ROUTINE_EXERCISES (ROUTINE_ID,EXERCISE_ID) values ('4','1');
Insert into GYM_ADMIN.ROUTINE_EXERCISES (ROUTINE_ID,EXERCISE_ID) values ('4','2');
Insert into GYM_ADMIN.ROUTINE_EXERCISES (ROUTINE_ID,EXERCISE_ID) values ('4','3');
Insert into GYM_ADMIN.ROUTINE_EXERCISES (ROUTINE_ID,EXERCISE_ID) values ('4','4');
Insert into GYM_ADMIN.ROUTINE_EXERCISES (ROUTINE_ID,EXERCISE_ID) values ('4','5');
Insert into GYM_ADMIN.ROUTINE_EXERCISES (ROUTINE_ID,EXERCISE_ID) values ('4','6');
Insert into GYM_ADMIN.ROUTINE_EXERCISES (ROUTINE_ID,EXERCISE_ID) values ('4','7');
Insert into GYM_ADMIN.ROUTINE_EXERCISES (ROUTINE_ID,EXERCISE_ID) values ('4','8');
Insert into GYM_ADMIN.ROUTINE_EXERCISES (ROUTINE_ID,EXERCISE_ID) values ('4','9');
Insert into GYM_ADMIN.ROUTINE_EXERCISES (ROUTINE_ID,EXERCISE_ID) values ('4','10');
Insert into GYM_ADMIN.ROUTINE_EXERCISES (ROUTINE_ID,EXERCISE_ID) values ('5','1');
Insert into GYM_ADMIN.ROUTINE_EXERCISES (ROUTINE_ID,EXERCISE_ID) values ('5','2');
Insert into GYM_ADMIN.ROUTINE_EXERCISES (ROUTINE_ID,EXERCISE_ID) values ('5','3');
Insert into GYM_ADMIN.ROUTINE_EXERCISES (ROUTINE_ID,EXERCISE_ID) values ('5','4');
Insert into GYM_ADMIN.ROUTINE_EXERCISES (ROUTINE_ID,EXERCISE_ID) values ('5','5');
Insert into GYM_ADMIN.ROUTINE_EXERCISES (ROUTINE_ID,EXERCISE_ID) values ('5','6');
Insert into GYM_ADMIN.ROUTINE_EXERCISES (ROUTINE_ID,EXERCISE_ID) values ('5','7');
Insert into GYM_ADMIN.ROUTINE_EXERCISES (ROUTINE_ID,EXERCISE_ID) values ('5','8');
Insert into GYM_ADMIN.ROUTINE_EXERCISES (ROUTINE_ID,EXERCISE_ID) values ('5','9');
Insert into GYM_ADMIN.ROUTINE_EXERCISES (ROUTINE_ID,EXERCISE_ID) values ('5','10');
Insert into GYM_ADMIN.ROUTINE_EXERCISES (ROUTINE_ID,EXERCISE_ID) values ('6','1');
Insert into GYM_ADMIN.ROUTINE_EXERCISES (ROUTINE_ID,EXERCISE_ID) values ('6','2');
Insert into GYM_ADMIN.ROUTINE_EXERCISES (ROUTINE_ID,EXERCISE_ID) values ('6','3');
Insert into GYM_ADMIN.ROUTINE_EXERCISES (ROUTINE_ID,EXERCISE_ID) values ('6','4');
Insert into GYM_ADMIN.ROUTINE_EXERCISES (ROUTINE_ID,EXERCISE_ID) values ('6','5');
Insert into GYM_ADMIN.ROUTINE_EXERCISES (ROUTINE_ID,EXERCISE_ID) values ('6','6');
Insert into GYM_ADMIN.ROUTINE_EXERCISES (ROUTINE_ID,EXERCISE_ID) values ('6','7');
Insert into GYM_ADMIN.ROUTINE_EXERCISES (ROUTINE_ID,EXERCISE_ID) values ('6','8');
Insert into GYM_ADMIN.ROUTINE_EXERCISES (ROUTINE_ID,EXERCISE_ID) values ('6','9');
Insert into GYM_ADMIN.ROUTINE_EXERCISES (ROUTINE_ID,EXERCISE_ID) values ('6','10');
Insert into GYM_ADMIN.ROUTINE_EXERCISES (ROUTINE_ID,EXERCISE_ID) values ('7','1');
Insert into GYM_ADMIN.ROUTINE_EXERCISES (ROUTINE_ID,EXERCISE_ID) values ('7','2');
Insert into GYM_ADMIN.ROUTINE_EXERCISES (ROUTINE_ID,EXERCISE_ID) values ('7','3');
Insert into GYM_ADMIN.ROUTINE_EXERCISES (ROUTINE_ID,EXERCISE_ID) values ('7','4');
Insert into GYM_ADMIN.ROUTINE_EXERCISES (ROUTINE_ID,EXERCISE_ID) values ('7','5');
Insert into GYM_ADMIN.ROUTINE_EXERCISES (ROUTINE_ID,EXERCISE_ID) values ('7','6');
Insert into GYM_ADMIN.ROUTINE_EXERCISES (ROUTINE_ID,EXERCISE_ID) values ('7','7');
Insert into GYM_ADMIN.ROUTINE_EXERCISES (ROUTINE_ID,EXERCISE_ID) values ('7','8');
Insert into GYM_ADMIN.ROUTINE_EXERCISES (ROUTINE_ID,EXERCISE_ID) values ('7','9');
Insert into GYM_ADMIN.ROUTINE_EXERCISES (ROUTINE_ID,EXERCISE_ID) values ('7','10');
Insert into GYM_ADMIN.ROUTINE_EXERCISES (ROUTINE_ID,EXERCISE_ID) values ('8','1');
Insert into GYM_ADMIN.ROUTINE_EXERCISES (ROUTINE_ID,EXERCISE_ID) values ('8','2');
Insert into GYM_ADMIN.ROUTINE_EXERCISES (ROUTINE_ID,EXERCISE_ID) values ('8','3');
Insert into GYM_ADMIN.ROUTINE_EXERCISES (ROUTINE_ID,EXERCISE_ID) values ('8','4');
Insert into GYM_ADMIN.ROUTINE_EXERCISES (ROUTINE_ID,EXERCISE_ID) values ('8','5');
Insert into GYM_ADMIN.ROUTINE_EXERCISES (ROUTINE_ID,EXERCISE_ID) values ('8','6');
Insert into GYM_ADMIN.ROUTINE_EXERCISES (ROUTINE_ID,EXERCISE_ID) values ('8','7');
Insert into GYM_ADMIN.ROUTINE_EXERCISES (ROUTINE_ID,EXERCISE_ID) values ('8','8');
Insert into GYM_ADMIN.ROUTINE_EXERCISES (ROUTINE_ID,EXERCISE_ID) values ('8','9');
Insert into GYM_ADMIN.ROUTINE_EXERCISES (ROUTINE_ID,EXERCISE_ID) values ('8','10');
Insert into GYM_ADMIN.ROUTINE_EXERCISES (ROUTINE_ID,EXERCISE_ID) values ('9','1');
Insert into GYM_ADMIN.ROUTINE_EXERCISES (ROUTINE_ID,EXERCISE_ID) values ('9','2');
Insert into GYM_ADMIN.ROUTINE_EXERCISES (ROUTINE_ID,EXERCISE_ID) values ('9','3');
Insert into GYM_ADMIN.ROUTINE_EXERCISES (ROUTINE_ID,EXERCISE_ID) values ('9','4');
Insert into GYM_ADMIN.ROUTINE_EXERCISES (ROUTINE_ID,EXERCISE_ID) values ('9','5');
Insert into GYM_ADMIN.ROUTINE_EXERCISES (ROUTINE_ID,EXERCISE_ID) values ('9','6');
Insert into GYM_ADMIN.ROUTINE_EXERCISES (ROUTINE_ID,EXERCISE_ID) values ('9','7');
Insert into GYM_ADMIN.ROUTINE_EXERCISES (ROUTINE_ID,EXERCISE_ID) values ('9','8');
Insert into GYM_ADMIN.ROUTINE_EXERCISES (ROUTINE_ID,EXERCISE_ID) values ('9','9');
Insert into GYM_ADMIN.ROUTINE_EXERCISES (ROUTINE_ID,EXERCISE_ID) values ('9','10');
Insert into GYM_ADMIN.ROUTINE_EXERCISES (ROUTINE_ID,EXERCISE_ID) values ('10','1');
Insert into GYM_ADMIN.ROUTINE_EXERCISES (ROUTINE_ID,EXERCISE_ID) values ('10','2');
Insert into GYM_ADMIN.ROUTINE_EXERCISES (ROUTINE_ID,EXERCISE_ID) values ('10','3');
Insert into GYM_ADMIN.ROUTINE_EXERCISES (ROUTINE_ID,EXERCISE_ID) values ('10','4');
Insert into GYM_ADMIN.ROUTINE_EXERCISES (ROUTINE_ID,EXERCISE_ID) values ('10','5');
Insert into GYM_ADMIN.ROUTINE_EXERCISES (ROUTINE_ID,EXERCISE_ID) values ('10','6');
Insert into GYM_ADMIN.ROUTINE_EXERCISES (ROUTINE_ID,EXERCISE_ID) values ('10','7');
Insert into GYM_ADMIN.ROUTINE_EXERCISES (ROUTINE_ID,EXERCISE_ID) values ('10','8');
Insert into GYM_ADMIN.ROUTINE_EXERCISES (ROUTINE_ID,EXERCISE_ID) values ('10','9');
Insert into GYM_ADMIN.ROUTINE_EXERCISES (ROUTINE_ID,EXERCISE_ID) values ('10','10');
Insert into GYM_ADMIN.ROUTINE_EXERCISES (ROUTINE_ID,EXERCISE_ID) values ('21','1');
Insert into GYM_ADMIN.ROUTINE_EXERCISES (ROUTINE_ID,EXERCISE_ID) values ('21','2');
Insert into GYM_ADMIN.ROUTINE_EXERCISES (ROUTINE_ID,EXERCISE_ID) values ('21','3');
Insert into GYM_ADMIN.ROUTINE_EXERCISES (ROUTINE_ID,EXERCISE_ID) values ('21','4');
Insert into GYM_ADMIN.ROUTINE_EXERCISES (ROUTINE_ID,EXERCISE_ID) values ('21','5');
Insert into GYM_ADMIN.ROUTINE_EXERCISES (ROUTINE_ID,EXERCISE_ID) values ('21','6');
Insert into GYM_ADMIN.ROUTINE_EXERCISES (ROUTINE_ID,EXERCISE_ID) values ('21','7');
Insert into GYM_ADMIN.ROUTINE_EXERCISES (ROUTINE_ID,EXERCISE_ID) values ('21','8');
Insert into GYM_ADMIN.ROUTINE_EXERCISES (ROUTINE_ID,EXERCISE_ID) values ('21','9');
Insert into GYM_ADMIN.ROUTINE_EXERCISES (ROUTINE_ID,EXERCISE_ID) values ('21','10');
Insert into GYM_ADMIN.ROUTINE_EXERCISES (ROUTINE_ID,EXERCISE_ID) values ('22','1');
Insert into GYM_ADMIN.ROUTINE_EXERCISES (ROUTINE_ID,EXERCISE_ID) values ('22','2');
Insert into GYM_ADMIN.ROUTINE_EXERCISES (ROUTINE_ID,EXERCISE_ID) values ('22','3');
Insert into GYM_ADMIN.ROUTINE_EXERCISES (ROUTINE_ID,EXERCISE_ID) values ('22','4');
Insert into GYM_ADMIN.ROUTINE_EXERCISES (ROUTINE_ID,EXERCISE_ID) values ('22','5');
Insert into GYM_ADMIN.ROUTINE_EXERCISES (ROUTINE_ID,EXERCISE_ID) values ('22','6');
Insert into GYM_ADMIN.ROUTINE_EXERCISES (ROUTINE_ID,EXERCISE_ID) values ('22','7');
Insert into GYM_ADMIN.ROUTINE_EXERCISES (ROUTINE_ID,EXERCISE_ID) values ('22','8');
Insert into GYM_ADMIN.ROUTINE_EXERCISES (ROUTINE_ID,EXERCISE_ID) values ('22','9');
Insert into GYM_ADMIN.ROUTINE_EXERCISES (ROUTINE_ID,EXERCISE_ID) values ('22','10');
Insert into GYM_ADMIN.ROUTINE_EXERCISES (ROUTINE_ID,EXERCISE_ID) values ('23','1');
Insert into GYM_ADMIN.ROUTINE_EXERCISES (ROUTINE_ID,EXERCISE_ID) values ('23','2');
Insert into GYM_ADMIN.ROUTINE_EXERCISES (ROUTINE_ID,EXERCISE_ID) values ('23','3');
Insert into GYM_ADMIN.ROUTINE_EXERCISES (ROUTINE_ID,EXERCISE_ID) values ('23','4');
Insert into GYM_ADMIN.ROUTINE_EXERCISES (ROUTINE_ID,EXERCISE_ID) values ('23','5');
Insert into GYM_ADMIN.ROUTINE_EXERCISES (ROUTINE_ID,EXERCISE_ID) values ('23','6');
Insert into GYM_ADMIN.ROUTINE_EXERCISES (ROUTINE_ID,EXERCISE_ID) values ('23','7');
Insert into GYM_ADMIN.ROUTINE_EXERCISES (ROUTINE_ID,EXERCISE_ID) values ('23','8');
Insert into GYM_ADMIN.ROUTINE_EXERCISES (ROUTINE_ID,EXERCISE_ID) values ('23','9');
Insert into GYM_ADMIN.ROUTINE_EXERCISES (ROUTINE_ID,EXERCISE_ID) values ('23','10');
Insert into GYM_ADMIN.ROUTINE_EXERCISES (ROUTINE_ID,EXERCISE_ID) values ('24','1');
Insert into GYM_ADMIN.ROUTINE_EXERCISES (ROUTINE_ID,EXERCISE_ID) values ('24','2');
Insert into GYM_ADMIN.ROUTINE_EXERCISES (ROUTINE_ID,EXERCISE_ID) values ('24','3');
Insert into GYM_ADMIN.ROUTINE_EXERCISES (ROUTINE_ID,EXERCISE_ID) values ('24','4');
Insert into GYM_ADMIN.ROUTINE_EXERCISES (ROUTINE_ID,EXERCISE_ID) values ('24','5');
Insert into GYM_ADMIN.ROUTINE_EXERCISES (ROUTINE_ID,EXERCISE_ID) values ('24','6');
Insert into GYM_ADMIN.ROUTINE_EXERCISES (ROUTINE_ID,EXERCISE_ID) values ('24','7');
Insert into GYM_ADMIN.ROUTINE_EXERCISES (ROUTINE_ID,EXERCISE_ID) values ('24','8');
Insert into GYM_ADMIN.ROUTINE_EXERCISES (ROUTINE_ID,EXERCISE_ID) values ('24','9');
Insert into GYM_ADMIN.ROUTINE_EXERCISES (ROUTINE_ID,EXERCISE_ID) values ('24','10');
Insert into GYM_ADMIN.ROUTINE_EXERCISES (ROUTINE_ID,EXERCISE_ID) values ('25','1');
Insert into GYM_ADMIN.ROUTINE_EXERCISES (ROUTINE_ID,EXERCISE_ID) values ('25','2');
Insert into GYM_ADMIN.ROUTINE_EXERCISES (ROUTINE_ID,EXERCISE_ID) values ('25','3');
Insert into GYM_ADMIN.ROUTINE_EXERCISES (ROUTINE_ID,EXERCISE_ID) values ('25','4');
Insert into GYM_ADMIN.ROUTINE_EXERCISES (ROUTINE_ID,EXERCISE_ID) values ('25','5');
Insert into GYM_ADMIN.ROUTINE_EXERCISES (ROUTINE_ID,EXERCISE_ID) values ('25','6');
Insert into GYM_ADMIN.ROUTINE_EXERCISES (ROUTINE_ID,EXERCISE_ID) values ('25','7');
Insert into GYM_ADMIN.ROUTINE_EXERCISES (ROUTINE_ID,EXERCISE_ID) values ('25','8');
Insert into GYM_ADMIN.ROUTINE_EXERCISES (ROUTINE_ID,EXERCISE_ID) values ('25','9');
Insert into GYM_ADMIN.ROUTINE_EXERCISES (ROUTINE_ID,EXERCISE_ID) values ('25','10');
Insert into GYM_ADMIN.ROUTINE_EXERCISES (ROUTINE_ID,EXERCISE_ID) values ('26','1');
Insert into GYM_ADMIN.ROUTINE_EXERCISES (ROUTINE_ID,EXERCISE_ID) values ('26','2');
Insert into GYM_ADMIN.ROUTINE_EXERCISES (ROUTINE_ID,EXERCISE_ID) values ('26','3');
Insert into GYM_ADMIN.ROUTINE_EXERCISES (ROUTINE_ID,EXERCISE_ID) values ('26','4');
Insert into GYM_ADMIN.ROUTINE_EXERCISES (ROUTINE_ID,EXERCISE_ID) values ('26','5');
Insert into GYM_ADMIN.ROUTINE_EXERCISES (ROUTINE_ID,EXERCISE_ID) values ('26','6');
Insert into GYM_ADMIN.ROUTINE_EXERCISES (ROUTINE_ID,EXERCISE_ID) values ('26','7');
Insert into GYM_ADMIN.ROUTINE_EXERCISES (ROUTINE_ID,EXERCISE_ID) values ('26','8');
Insert into GYM_ADMIN.ROUTINE_EXERCISES (ROUTINE_ID,EXERCISE_ID) values ('26','9');
Insert into GYM_ADMIN.ROUTINE_EXERCISES (ROUTINE_ID,EXERCISE_ID) values ('26','10');
Insert into GYM_ADMIN.ROUTINE_EXERCISES (ROUTINE_ID,EXERCISE_ID) values ('27','1');
Insert into GYM_ADMIN.ROUTINE_EXERCISES (ROUTINE_ID,EXERCISE_ID) values ('27','2');
Insert into GYM_ADMIN.ROUTINE_EXERCISES (ROUTINE_ID,EXERCISE_ID) values ('27','3');
Insert into GYM_ADMIN.ROUTINE_EXERCISES (ROUTINE_ID,EXERCISE_ID) values ('27','4');
Insert into GYM_ADMIN.ROUTINE_EXERCISES (ROUTINE_ID,EXERCISE_ID) values ('27','5');
Insert into GYM_ADMIN.ROUTINE_EXERCISES (ROUTINE_ID,EXERCISE_ID) values ('27','6');
Insert into GYM_ADMIN.ROUTINE_EXERCISES (ROUTINE_ID,EXERCISE_ID) values ('27','7');
Insert into GYM_ADMIN.ROUTINE_EXERCISES (ROUTINE_ID,EXERCISE_ID) values ('27','8');
Insert into GYM_ADMIN.ROUTINE_EXERCISES (ROUTINE_ID,EXERCISE_ID) values ('27','9');
Insert into GYM_ADMIN.ROUTINE_EXERCISES (ROUTINE_ID,EXERCISE_ID) values ('27','10');
Insert into GYM_ADMIN.ROUTINE_EXERCISES (ROUTINE_ID,EXERCISE_ID) values ('28','1');
Insert into GYM_ADMIN.ROUTINE_EXERCISES (ROUTINE_ID,EXERCISE_ID) values ('28','2');
Insert into GYM_ADMIN.ROUTINE_EXERCISES (ROUTINE_ID,EXERCISE_ID) values ('28','3');
Insert into GYM_ADMIN.ROUTINE_EXERCISES (ROUTINE_ID,EXERCISE_ID) values ('28','4');
Insert into GYM_ADMIN.ROUTINE_EXERCISES (ROUTINE_ID,EXERCISE_ID) values ('28','5');
Insert into GYM_ADMIN.ROUTINE_EXERCISES (ROUTINE_ID,EXERCISE_ID) values ('28','6');
Insert into GYM_ADMIN.ROUTINE_EXERCISES (ROUTINE_ID,EXERCISE_ID) values ('28','7');
Insert into GYM_ADMIN.ROUTINE_EXERCISES (ROUTINE_ID,EXERCISE_ID) values ('28','8');
Insert into GYM_ADMIN.ROUTINE_EXERCISES (ROUTINE_ID,EXERCISE_ID) values ('28','9');
Insert into GYM_ADMIN.ROUTINE_EXERCISES (ROUTINE_ID,EXERCISE_ID) values ('28','10');
Insert into GYM_ADMIN.ROUTINE_EXERCISES (ROUTINE_ID,EXERCISE_ID) values ('29','1');
Insert into GYM_ADMIN.ROUTINE_EXERCISES (ROUTINE_ID,EXERCISE_ID) values ('29','2');
Insert into GYM_ADMIN.ROUTINE_EXERCISES (ROUTINE_ID,EXERCISE_ID) values ('29','3');
Insert into GYM_ADMIN.ROUTINE_EXERCISES (ROUTINE_ID,EXERCISE_ID) values ('29','4');
Insert into GYM_ADMIN.ROUTINE_EXERCISES (ROUTINE_ID,EXERCISE_ID) values ('29','5');
Insert into GYM_ADMIN.ROUTINE_EXERCISES (ROUTINE_ID,EXERCISE_ID) values ('29','6');
Insert into GYM_ADMIN.ROUTINE_EXERCISES (ROUTINE_ID,EXERCISE_ID) values ('29','7');
Insert into GYM_ADMIN.ROUTINE_EXERCISES (ROUTINE_ID,EXERCISE_ID) values ('29','8');
Insert into GYM_ADMIN.ROUTINE_EXERCISES (ROUTINE_ID,EXERCISE_ID) values ('29','9');
Insert into GYM_ADMIN.ROUTINE_EXERCISES (ROUTINE_ID,EXERCISE_ID) values ('29','10');
Insert into GYM_ADMIN.ROUTINE_EXERCISES (ROUTINE_ID,EXERCISE_ID) values ('30','1');
Insert into GYM_ADMIN.ROUTINE_EXERCISES (ROUTINE_ID,EXERCISE_ID) values ('30','2');
Insert into GYM_ADMIN.ROUTINE_EXERCISES (ROUTINE_ID,EXERCISE_ID) values ('30','3');
Insert into GYM_ADMIN.ROUTINE_EXERCISES (ROUTINE_ID,EXERCISE_ID) values ('30','4');
Insert into GYM_ADMIN.ROUTINE_EXERCISES (ROUTINE_ID,EXERCISE_ID) values ('30','5');
Insert into GYM_ADMIN.ROUTINE_EXERCISES (ROUTINE_ID,EXERCISE_ID) values ('30','6');
Insert into GYM_ADMIN.ROUTINE_EXERCISES (ROUTINE_ID,EXERCISE_ID) values ('30','7');
Insert into GYM_ADMIN.ROUTINE_EXERCISES (ROUTINE_ID,EXERCISE_ID) values ('30','8');
Insert into GYM_ADMIN.ROUTINE_EXERCISES (ROUTINE_ID,EXERCISE_ID) values ('30','9');
Insert into GYM_ADMIN.ROUTINE_EXERCISES (ROUTINE_ID,EXERCISE_ID) values ('30','10');
Insert into GYM_ADMIN.ROUTINE_EXERCISES (ROUTINE_ID,EXERCISE_ID) values ('31','1');
Insert into GYM_ADMIN.ROUTINE_EXERCISES (ROUTINE_ID,EXERCISE_ID) values ('31','2');
Insert into GYM_ADMIN.ROUTINE_EXERCISES (ROUTINE_ID,EXERCISE_ID) values ('31','3');
Insert into GYM_ADMIN.ROUTINE_EXERCISES (ROUTINE_ID,EXERCISE_ID) values ('31','4');
Insert into GYM_ADMIN.ROUTINE_EXERCISES (ROUTINE_ID,EXERCISE_ID) values ('31','5');
Insert into GYM_ADMIN.ROUTINE_EXERCISES (ROUTINE_ID,EXERCISE_ID) values ('31','6');
Insert into GYM_ADMIN.ROUTINE_EXERCISES (ROUTINE_ID,EXERCISE_ID) values ('31','7');
Insert into GYM_ADMIN.ROUTINE_EXERCISES (ROUTINE_ID,EXERCISE_ID) values ('31','8');
Insert into GYM_ADMIN.ROUTINE_EXERCISES (ROUTINE_ID,EXERCISE_ID) values ('31','9');
Insert into GYM_ADMIN.ROUTINE_EXERCISES (ROUTINE_ID,EXERCISE_ID) values ('31','10');
REM INSERTING into GYM_ADMIN.ROUTINES
SET DEFINE OFF;
Insert into GYM_ADMIN.ROUTINES (ID,NAME,DESCRIPTION,MEMBER_ID,TRAINER_ID) values ('1','Fuerza Básica','Rutina de fuerza para principiantes','1','1');
Insert into GYM_ADMIN.ROUTINES (ID,NAME,DESCRIPTION,MEMBER_ID,TRAINER_ID) values ('2','Cardio Extremo','Rutina intensa de cardio','2','2');
Insert into GYM_ADMIN.ROUTINES (ID,NAME,DESCRIPTION,MEMBER_ID,TRAINER_ID) values ('3','Yoga Relax','Rutina de estiramientos y yoga','3','3');
Insert into GYM_ADMIN.ROUTINES (ID,NAME,DESCRIPTION,MEMBER_ID,TRAINER_ID) values ('4','Pilates Core','Rutina para fortalecer el core','4','4');
Insert into GYM_ADMIN.ROUTINES (ID,NAME,DESCRIPTION,MEMBER_ID,TRAINER_ID) values ('5','Crossfit Power','Rutina de crossfit avanzada','5','5');
Insert into GYM_ADMIN.ROUTINES (ID,NAME,DESCRIPTION,MEMBER_ID,TRAINER_ID) values ('6','Fuerza Básica','Rutina de fuerza para principiantes','1','1');
Insert into GYM_ADMIN.ROUTINES (ID,NAME,DESCRIPTION,MEMBER_ID,TRAINER_ID) values ('7','Cardio Extremo','Rutina intensa de cardio','2','2');
Insert into GYM_ADMIN.ROUTINES (ID,NAME,DESCRIPTION,MEMBER_ID,TRAINER_ID) values ('8','Yoga Relax','Rutina de estiramientos y yoga','3','3');
Insert into GYM_ADMIN.ROUTINES (ID,NAME,DESCRIPTION,MEMBER_ID,TRAINER_ID) values ('9','Pilates Core','Rutina para fortalecer el core','4','4');
Insert into GYM_ADMIN.ROUTINES (ID,NAME,DESCRIPTION,MEMBER_ID,TRAINER_ID) values ('10','Crossfit Power','Rutina de crossfit avanzada','5','5');
Insert into GYM_ADMIN.ROUTINES (ID,NAME,DESCRIPTION,MEMBER_ID,TRAINER_ID) values ('21','Routine 1','Custom routine','1','4');
Insert into GYM_ADMIN.ROUTINES (ID,NAME,DESCRIPTION,MEMBER_ID,TRAINER_ID) values ('22','Routine 2','Custom routine','2','3');
Insert into GYM_ADMIN.ROUTINES (ID,NAME,DESCRIPTION,MEMBER_ID,TRAINER_ID) values ('23','Routine 3','Custom routine','3','5');
Insert into GYM_ADMIN.ROUTINES (ID,NAME,DESCRIPTION,MEMBER_ID,TRAINER_ID) values ('24','Routine 4','Custom routine','4','3');
Insert into GYM_ADMIN.ROUTINES (ID,NAME,DESCRIPTION,MEMBER_ID,TRAINER_ID) values ('25','Routine 5','Custom routine','5','3');
Insert into GYM_ADMIN.ROUTINES (ID,NAME,DESCRIPTION,MEMBER_ID,TRAINER_ID) values ('26','Routine 6','Custom routine','6','4');
Insert into GYM_ADMIN.ROUTINES (ID,NAME,DESCRIPTION,MEMBER_ID,TRAINER_ID) values ('27','Routine 7','Custom routine','7','2');
Insert into GYM_ADMIN.ROUTINES (ID,NAME,DESCRIPTION,MEMBER_ID,TRAINER_ID) values ('28','Routine 8','Custom routine','8','1');
Insert into GYM_ADMIN.ROUTINES (ID,NAME,DESCRIPTION,MEMBER_ID,TRAINER_ID) values ('29','Routine 9','Custom routine','9','2');
Insert into GYM_ADMIN.ROUTINES (ID,NAME,DESCRIPTION,MEMBER_ID,TRAINER_ID) values ('30','Routine 10','Custom routine','10','2');
Insert into GYM_ADMIN.ROUTINES (ID,NAME,DESCRIPTION,MEMBER_ID,TRAINER_ID) values ('31','Routine 11','Custom routine','11','3');
Insert into GYM_ADMIN.ROUTINES (ID,NAME,DESCRIPTION,MEMBER_ID,TRAINER_ID) values ('32','Routine 12','Custom routine','12','2');
Insert into GYM_ADMIN.ROUTINES (ID,NAME,DESCRIPTION,MEMBER_ID,TRAINER_ID) values ('33','Routine 13','Custom routine','13','3');
Insert into GYM_ADMIN.ROUTINES (ID,NAME,DESCRIPTION,MEMBER_ID,TRAINER_ID) values ('34','Routine 14','Custom routine','14','1');
Insert into GYM_ADMIN.ROUTINES (ID,NAME,DESCRIPTION,MEMBER_ID,TRAINER_ID) values ('35','Routine 15','Custom routine','15','2');
Insert into GYM_ADMIN.ROUTINES (ID,NAME,DESCRIPTION,MEMBER_ID,TRAINER_ID) values ('36','Routine 16','Custom routine','16','4');
Insert into GYM_ADMIN.ROUTINES (ID,NAME,DESCRIPTION,MEMBER_ID,TRAINER_ID) values ('37','Routine 17','Custom routine','17','2');
Insert into GYM_ADMIN.ROUTINES (ID,NAME,DESCRIPTION,MEMBER_ID,TRAINER_ID) values ('38','Routine 18','Custom routine','18','1');
Insert into GYM_ADMIN.ROUTINES (ID,NAME,DESCRIPTION,MEMBER_ID,TRAINER_ID) values ('39','Routine 19','Custom routine','19','4');
Insert into GYM_ADMIN.ROUTINES (ID,NAME,DESCRIPTION,MEMBER_ID,TRAINER_ID) values ('40','Routine 20','Custom routine','20','3');
Insert into GYM_ADMIN.ROUTINES (ID,NAME,DESCRIPTION,MEMBER_ID,TRAINER_ID) values ('41','Routine 21','Custom routine','21','3');
Insert into GYM_ADMIN.ROUTINES (ID,NAME,DESCRIPTION,MEMBER_ID,TRAINER_ID) values ('42','Routine 22','Custom routine','22','4');
Insert into GYM_ADMIN.ROUTINES (ID,NAME,DESCRIPTION,MEMBER_ID,TRAINER_ID) values ('43','Routine 23','Custom routine','23','4');
Insert into GYM_ADMIN.ROUTINES (ID,NAME,DESCRIPTION,MEMBER_ID,TRAINER_ID) values ('44','Routine 24','Custom routine','24','1');
Insert into GYM_ADMIN.ROUTINES (ID,NAME,DESCRIPTION,MEMBER_ID,TRAINER_ID) values ('45','Routine 25','Custom routine','25','2');
Insert into GYM_ADMIN.ROUTINES (ID,NAME,DESCRIPTION,MEMBER_ID,TRAINER_ID) values ('46','Routine 26','Custom routine','26','3');
Insert into GYM_ADMIN.ROUTINES (ID,NAME,DESCRIPTION,MEMBER_ID,TRAINER_ID) values ('47','Routine 27','Custom routine','27','1');
Insert into GYM_ADMIN.ROUTINES (ID,NAME,DESCRIPTION,MEMBER_ID,TRAINER_ID) values ('48','Routine 28','Custom routine','28','5');
Insert into GYM_ADMIN.ROUTINES (ID,NAME,DESCRIPTION,MEMBER_ID,TRAINER_ID) values ('49','Routine 29','Custom routine','29','2');
Insert into GYM_ADMIN.ROUTINES (ID,NAME,DESCRIPTION,MEMBER_ID,TRAINER_ID) values ('50','Routine 30','Custom routine','30','5');
Insert into GYM_ADMIN.ROUTINES (ID,NAME,DESCRIPTION,MEMBER_ID,TRAINER_ID) values ('51','Routine 31','Custom routine','31','5');
Insert into GYM_ADMIN.ROUTINES (ID,NAME,DESCRIPTION,MEMBER_ID,TRAINER_ID) values ('52','Routine 32','Custom routine','32','1');
Insert into GYM_ADMIN.ROUTINES (ID,NAME,DESCRIPTION,MEMBER_ID,TRAINER_ID) values ('53','Routine 33','Custom routine','33','4');
Insert into GYM_ADMIN.ROUTINES (ID,NAME,DESCRIPTION,MEMBER_ID,TRAINER_ID) values ('54','Routine 34','Custom routine','34','4');
Insert into GYM_ADMIN.ROUTINES (ID,NAME,DESCRIPTION,MEMBER_ID,TRAINER_ID) values ('55','Routine 35','Custom routine','35','2');
Insert into GYM_ADMIN.ROUTINES (ID,NAME,DESCRIPTION,MEMBER_ID,TRAINER_ID) values ('56','Routine 36','Custom routine','36','1');
Insert into GYM_ADMIN.ROUTINES (ID,NAME,DESCRIPTION,MEMBER_ID,TRAINER_ID) values ('57','Routine 37','Custom routine','37','2');
Insert into GYM_ADMIN.ROUTINES (ID,NAME,DESCRIPTION,MEMBER_ID,TRAINER_ID) values ('58','Routine 38','Custom routine','38','4');
Insert into GYM_ADMIN.ROUTINES (ID,NAME,DESCRIPTION,MEMBER_ID,TRAINER_ID) values ('59','Routine 39','Custom routine','39','4');
Insert into GYM_ADMIN.ROUTINES (ID,NAME,DESCRIPTION,MEMBER_ID,TRAINER_ID) values ('60','Routine 40','Custom routine','40','4');
Insert into GYM_ADMIN.ROUTINES (ID,NAME,DESCRIPTION,MEMBER_ID,TRAINER_ID) values ('61','Routine 41','Custom routine','41','2');
Insert into GYM_ADMIN.ROUTINES (ID,NAME,DESCRIPTION,MEMBER_ID,TRAINER_ID) values ('62','Routine 42','Custom routine','42','5');
Insert into GYM_ADMIN.ROUTINES (ID,NAME,DESCRIPTION,MEMBER_ID,TRAINER_ID) values ('63','Routine 43','Custom routine','43','2');
Insert into GYM_ADMIN.ROUTINES (ID,NAME,DESCRIPTION,MEMBER_ID,TRAINER_ID) values ('64','Routine 44','Custom routine','44','1');
Insert into GYM_ADMIN.ROUTINES (ID,NAME,DESCRIPTION,MEMBER_ID,TRAINER_ID) values ('65','Routine 45','Custom routine','45','5');
Insert into GYM_ADMIN.ROUTINES (ID,NAME,DESCRIPTION,MEMBER_ID,TRAINER_ID) values ('66','Routine 46','Custom routine','46','4');
Insert into GYM_ADMIN.ROUTINES (ID,NAME,DESCRIPTION,MEMBER_ID,TRAINER_ID) values ('67','Routine 47','Custom routine','47','3');
Insert into GYM_ADMIN.ROUTINES (ID,NAME,DESCRIPTION,MEMBER_ID,TRAINER_ID) values ('68','Routine 48','Custom routine','48','1');
Insert into GYM_ADMIN.ROUTINES (ID,NAME,DESCRIPTION,MEMBER_ID,TRAINER_ID) values ('69','Routine 49','Custom routine','49','3');
Insert into GYM_ADMIN.ROUTINES (ID,NAME,DESCRIPTION,MEMBER_ID,TRAINER_ID) values ('70','Routine 50','Custom routine','50','4');
Insert into GYM_ADMIN.ROUTINES (ID,NAME,DESCRIPTION,MEMBER_ID,TRAINER_ID) values ('71','Routine 51','Custom routine','51','1');
Insert into GYM_ADMIN.ROUTINES (ID,NAME,DESCRIPTION,MEMBER_ID,TRAINER_ID) values ('72','Routine 52','Custom routine','52','3');
Insert into GYM_ADMIN.ROUTINES (ID,NAME,DESCRIPTION,MEMBER_ID,TRAINER_ID) values ('73','Routine 53','Custom routine','53','2');
Insert into GYM_ADMIN.ROUTINES (ID,NAME,DESCRIPTION,MEMBER_ID,TRAINER_ID) values ('74','Routine 54','Custom routine','54','5');
Insert into GYM_ADMIN.ROUTINES (ID,NAME,DESCRIPTION,MEMBER_ID,TRAINER_ID) values ('75','Routine 55','Custom routine','55','4');
Insert into GYM_ADMIN.ROUTINES (ID,NAME,DESCRIPTION,MEMBER_ID,TRAINER_ID) values ('76','Routine 56','Custom routine','56','5');
Insert into GYM_ADMIN.ROUTINES (ID,NAME,DESCRIPTION,MEMBER_ID,TRAINER_ID) values ('77','Routine 57','Custom routine','57','5');
Insert into GYM_ADMIN.ROUTINES (ID,NAME,DESCRIPTION,MEMBER_ID,TRAINER_ID) values ('78','Routine 58','Custom routine','58','5');
Insert into GYM_ADMIN.ROUTINES (ID,NAME,DESCRIPTION,MEMBER_ID,TRAINER_ID) values ('79','Routine 59','Custom routine','59','3');
Insert into GYM_ADMIN.ROUTINES (ID,NAME,DESCRIPTION,MEMBER_ID,TRAINER_ID) values ('80','Routine 60','Custom routine','60','4');
Insert into GYM_ADMIN.ROUTINES (ID,NAME,DESCRIPTION,MEMBER_ID,TRAINER_ID) values ('81','Routine 61','Custom routine','61','4');
Insert into GYM_ADMIN.ROUTINES (ID,NAME,DESCRIPTION,MEMBER_ID,TRAINER_ID) values ('82','Routine 62','Custom routine','62','2');
Insert into GYM_ADMIN.ROUTINES (ID,NAME,DESCRIPTION,MEMBER_ID,TRAINER_ID) values ('83','Routine 63','Custom routine','63','2');
Insert into GYM_ADMIN.ROUTINES (ID,NAME,DESCRIPTION,MEMBER_ID,TRAINER_ID) values ('84','Routine 64','Custom routine','64','1');
Insert into GYM_ADMIN.ROUTINES (ID,NAME,DESCRIPTION,MEMBER_ID,TRAINER_ID) values ('85','Routine 65','Custom routine','65','1');
Insert into GYM_ADMIN.ROUTINES (ID,NAME,DESCRIPTION,MEMBER_ID,TRAINER_ID) values ('86','Routine 66','Custom routine','66','4');
Insert into GYM_ADMIN.ROUTINES (ID,NAME,DESCRIPTION,MEMBER_ID,TRAINER_ID) values ('87','Routine 67','Custom routine','67','3');
Insert into GYM_ADMIN.ROUTINES (ID,NAME,DESCRIPTION,MEMBER_ID,TRAINER_ID) values ('88','Routine 68','Custom routine','68','4');
Insert into GYM_ADMIN.ROUTINES (ID,NAME,DESCRIPTION,MEMBER_ID,TRAINER_ID) values ('89','Routine 69','Custom routine','69','5');
Insert into GYM_ADMIN.ROUTINES (ID,NAME,DESCRIPTION,MEMBER_ID,TRAINER_ID) values ('90','Routine 70','Custom routine','70','5');
Insert into GYM_ADMIN.ROUTINES (ID,NAME,DESCRIPTION,MEMBER_ID,TRAINER_ID) values ('91','Routine 71','Custom routine','71','2');
Insert into GYM_ADMIN.ROUTINES (ID,NAME,DESCRIPTION,MEMBER_ID,TRAINER_ID) values ('92','Routine 72','Custom routine','72','4');
Insert into GYM_ADMIN.ROUTINES (ID,NAME,DESCRIPTION,MEMBER_ID,TRAINER_ID) values ('93','Routine 73','Custom routine','73','1');
Insert into GYM_ADMIN.ROUTINES (ID,NAME,DESCRIPTION,MEMBER_ID,TRAINER_ID) values ('94','Routine 74','Custom routine','74','5');
Insert into GYM_ADMIN.ROUTINES (ID,NAME,DESCRIPTION,MEMBER_ID,TRAINER_ID) values ('95','Routine 75','Custom routine','75','4');
Insert into GYM_ADMIN.ROUTINES (ID,NAME,DESCRIPTION,MEMBER_ID,TRAINER_ID) values ('96','Routine 76','Custom routine','76','3');
Insert into GYM_ADMIN.ROUTINES (ID,NAME,DESCRIPTION,MEMBER_ID,TRAINER_ID) values ('97','Routine 77','Custom routine','77','2');
Insert into GYM_ADMIN.ROUTINES (ID,NAME,DESCRIPTION,MEMBER_ID,TRAINER_ID) values ('98','Routine 78','Custom routine','78','2');
Insert into GYM_ADMIN.ROUTINES (ID,NAME,DESCRIPTION,MEMBER_ID,TRAINER_ID) values ('99','Routine 79','Custom routine','79','2');
Insert into GYM_ADMIN.ROUTINES (ID,NAME,DESCRIPTION,MEMBER_ID,TRAINER_ID) values ('100','Routine 80','Custom routine','80','4');
Insert into GYM_ADMIN.ROUTINES (ID,NAME,DESCRIPTION,MEMBER_ID,TRAINER_ID) values ('101','Routine 81','Custom routine','81','2');
Insert into GYM_ADMIN.ROUTINES (ID,NAME,DESCRIPTION,MEMBER_ID,TRAINER_ID) values ('102','Routine 82','Custom routine','82','2');
Insert into GYM_ADMIN.ROUTINES (ID,NAME,DESCRIPTION,MEMBER_ID,TRAINER_ID) values ('103','Routine 83','Custom routine','83','3');
Insert into GYM_ADMIN.ROUTINES (ID,NAME,DESCRIPTION,MEMBER_ID,TRAINER_ID) values ('104','Routine 84','Custom routine','84','3');
Insert into GYM_ADMIN.ROUTINES (ID,NAME,DESCRIPTION,MEMBER_ID,TRAINER_ID) values ('105','Routine 85','Custom routine','85','5');
Insert into GYM_ADMIN.ROUTINES (ID,NAME,DESCRIPTION,MEMBER_ID,TRAINER_ID) values ('106','Routine 86','Custom routine','86','4');
Insert into GYM_ADMIN.ROUTINES (ID,NAME,DESCRIPTION,MEMBER_ID,TRAINER_ID) values ('107','Routine 87','Custom routine','87','1');
Insert into GYM_ADMIN.ROUTINES (ID,NAME,DESCRIPTION,MEMBER_ID,TRAINER_ID) values ('108','Routine 88','Custom routine','88','4');
Insert into GYM_ADMIN.ROUTINES (ID,NAME,DESCRIPTION,MEMBER_ID,TRAINER_ID) values ('109','Routine 89','Custom routine','89','4');
Insert into GYM_ADMIN.ROUTINES (ID,NAME,DESCRIPTION,MEMBER_ID,TRAINER_ID) values ('110','Routine 90','Custom routine','90','4');
Insert into GYM_ADMIN.ROUTINES (ID,NAME,DESCRIPTION,MEMBER_ID,TRAINER_ID) values ('111','Routine 91','Custom routine','91','4');
Insert into GYM_ADMIN.ROUTINES (ID,NAME,DESCRIPTION,MEMBER_ID,TRAINER_ID) values ('112','Routine 92','Custom routine','92','5');
Insert into GYM_ADMIN.ROUTINES (ID,NAME,DESCRIPTION,MEMBER_ID,TRAINER_ID) values ('113','Routine 93','Custom routine','93','1');
Insert into GYM_ADMIN.ROUTINES (ID,NAME,DESCRIPTION,MEMBER_ID,TRAINER_ID) values ('114','Routine 94','Custom routine','94','5');
Insert into GYM_ADMIN.ROUTINES (ID,NAME,DESCRIPTION,MEMBER_ID,TRAINER_ID) values ('115','Routine 95','Custom routine','95','4');
Insert into GYM_ADMIN.ROUTINES (ID,NAME,DESCRIPTION,MEMBER_ID,TRAINER_ID) values ('116','Routine 96','Custom routine','96','2');
Insert into GYM_ADMIN.ROUTINES (ID,NAME,DESCRIPTION,MEMBER_ID,TRAINER_ID) values ('117','Routine 97','Custom routine','97','4');
Insert into GYM_ADMIN.ROUTINES (ID,NAME,DESCRIPTION,MEMBER_ID,TRAINER_ID) values ('118','Routine 98','Custom routine','98','4');
Insert into GYM_ADMIN.ROUTINES (ID,NAME,DESCRIPTION,MEMBER_ID,TRAINER_ID) values ('119','Routine 99','Custom routine','99','4');
Insert into GYM_ADMIN.ROUTINES (ID,NAME,DESCRIPTION,MEMBER_ID,TRAINER_ID) values ('120','Routine 100','Custom routine','100','5');
REM INSERTING into GYM_ADMIN.TRAINERS
SET DEFINE OFF;
Insert into GYM_ADMIN.TRAINERS (ID,NAME,SPECIALTY) values ('1','Santiago Torres','Crossfit');
Insert into GYM_ADMIN.TRAINERS (ID,NAME,SPECIALTY) values ('2','Carlos Pérez','Fuerza');
Insert into GYM_ADMIN.TRAINERS (ID,NAME,SPECIALTY) values ('3','Laura Gómez','Cardio');
Insert into GYM_ADMIN.TRAINERS (ID,NAME,SPECIALTY) values ('4','Andrés López','Yoga');
Insert into GYM_ADMIN.TRAINERS (ID,NAME,SPECIALTY) values ('5','Mariana Díaz','Pilates');
Insert into GYM_ADMIN.TRAINERS (ID,NAME,SPECIALTY) values ('6','Carlos Perez','Strength Training');
Insert into GYM_ADMIN.TRAINERS (ID,NAME,SPECIALTY) values ('7','Ana Gomez','Cardio');
Insert into GYM_ADMIN.TRAINERS (ID,NAME,SPECIALTY) values ('8','Carlos Perez','Strength Training');
Insert into GYM_ADMIN.TRAINERS (ID,NAME,SPECIALTY) values ('9','Luis Martinez','Yoga');
Insert into GYM_ADMIN.TRAINERS (ID,NAME,SPECIALTY) values ('10','Sofia Ramirez','Pilates');
Insert into GYM_ADMIN.TRAINERS (ID,NAME,SPECIALTY) values ('11','Juan Torres','Crossfit');
Insert into GYM_ADMIN.TRAINERS (ID,NAME,SPECIALTY) values ('12','Maria Lopez','HIIT');
Insert into GYM_ADMIN.TRAINERS (ID,NAME,SPECIALTY) values ('13','Diego Fernandez','Boxing');
Insert into GYM_ADMIN.TRAINERS (ID,NAME,SPECIALTY) values ('14','Laura Sanchez','Zumba');
Insert into GYM_ADMIN.TRAINERS (ID,NAME,SPECIALTY) values ('15','Andres Rojas','Functional Training');
Insert into GYM_ADMIN.TRAINERS (ID,NAME,SPECIALTY) values ('16','Camila Herrera','Stretching');
Insert into GYM_ADMIN.TRAINERS (ID,NAME,SPECIALTY) values ('17','Felipe Gomez','Strength Training');
Insert into GYM_ADMIN.TRAINERS (ID,NAME,SPECIALTY) values ('18','Paula Morales','Cardio');
Insert into GYM_ADMIN.TRAINERS (ID,NAME,SPECIALTY) values ('19','Miguel Castro','Yoga');
Insert into GYM_ADMIN.TRAINERS (ID,NAME,SPECIALTY) values ('20','Valeria Torres','Pilates');
Insert into GYM_ADMIN.TRAINERS (ID,NAME,SPECIALTY) values ('21','Jorge Ramirez','Crossfit');
Insert into GYM_ADMIN.TRAINERS (ID,NAME,SPECIALTY) values ('22','Daniela Alvarez','HIIT');
Insert into GYM_ADMIN.TRAINERS (ID,NAME,SPECIALTY) values ('23','Ricardo Diaz','Boxing');
Insert into GYM_ADMIN.TRAINERS (ID,NAME,SPECIALTY) values ('24','Carolina Ruiz','Zumba');
Insert into GYM_ADMIN.TRAINERS (ID,NAME,SPECIALTY) values ('25','Esteban Soto','Functional Training');
Insert into GYM_ADMIN.TRAINERS (ID,NAME,SPECIALTY) values ('26','Natalia Vargas','Stretching');
Insert into GYM_ADMIN.TRAINERS (ID,NAME,SPECIALTY) values ('27','Sebastian Moreno','Strength Training');
Insert into GYM_ADMIN.TRAINERS (ID,NAME,SPECIALTY) values ('28','Lucia Mendoza','Cardio');
Insert into GYM_ADMIN.TRAINERS (ID,NAME,SPECIALTY) values ('29','Fernando Rivas','Yoga');
Insert into GYM_ADMIN.TRAINERS (ID,NAME,SPECIALTY) values ('30','Andrea Camacho','Pilates');
Insert into GYM_ADMIN.TRAINERS (ID,NAME,SPECIALTY) values ('31','Hector Lopez','Crossfit');
Insert into GYM_ADMIN.TRAINERS (ID,NAME,SPECIALTY) values ('32','Patricia Nunez','HIIT');
Insert into GYM_ADMIN.TRAINERS (ID,NAME,SPECIALTY) values ('33','Oscar Garcia','Boxing');
Insert into GYM_ADMIN.TRAINERS (ID,NAME,SPECIALTY) values ('34','Isabella Torres','Zumba');
Insert into GYM_ADMIN.TRAINERS (ID,NAME,SPECIALTY) values ('35','Martin Herrera','Functional Training');
Insert into GYM_ADMIN.TRAINERS (ID,NAME,SPECIALTY) values ('36','Gabriela Castro','Stretching');
Insert into GYM_ADMIN.TRAINERS (ID,NAME,SPECIALTY) values ('37','Rodrigo Perez','Strength Training');
Insert into GYM_ADMIN.TRAINERS (ID,NAME,SPECIALTY) values ('38','Carmen Diaz','Cardio');
Insert into GYM_ADMIN.TRAINERS (ID,NAME,SPECIALTY) values ('39','Gustavo Morales','Yoga');
Insert into GYM_ADMIN.TRAINERS (ID,NAME,SPECIALTY) values ('40','Angela Torres','Pilates');
Insert into GYM_ADMIN.TRAINERS (ID,NAME,SPECIALTY) values ('41','Pablo Ramirez','Crossfit');
Insert into GYM_ADMIN.TRAINERS (ID,NAME,SPECIALTY) values ('42','Diana Alvarez','HIIT');
Insert into GYM_ADMIN.TRAINERS (ID,NAME,SPECIALTY) values ('43','Ruben Sanchez','Boxing');
Insert into GYM_ADMIN.TRAINERS (ID,NAME,SPECIALTY) values ('44','Monica Rojas','Zumba');
Insert into GYM_ADMIN.TRAINERS (ID,NAME,SPECIALTY) values ('45','Julian Torres','Functional Training');
Insert into GYM_ADMIN.TRAINERS (ID,NAME,SPECIALTY) values ('46','Adriana Ruiz','Stretching');
Insert into GYM_ADMIN.TRAINERS (ID,NAME,SPECIALTY) values ('47','Samuel Fernandez','Strength Training');
Insert into GYM_ADMIN.TRAINERS (ID,NAME,SPECIALTY) values ('48','Claudia Lopez','Cardio');
Insert into GYM_ADMIN.TRAINERS (ID,NAME,SPECIALTY) values ('49','Nicolas Gomez','Yoga');
Insert into GYM_ADMIN.TRAINERS (ID,NAME,SPECIALTY) values ('50','Tatiana Morales','Pilates');
Insert into GYM_ADMIN.TRAINERS (ID,NAME,SPECIALTY) values ('51','Cristian Torres','Crossfit');
Insert into GYM_ADMIN.TRAINERS (ID,NAME,SPECIALTY) values ('52','Alejandra Diaz','HIIT');
Insert into GYM_ADMIN.TRAINERS (ID,NAME,SPECIALTY) values ('53','Eduardo Herrera','Boxing');
Insert into GYM_ADMIN.TRAINERS (ID,NAME,SPECIALTY) values ('54','Luisa Sanchez','Zumba');
Insert into GYM_ADMIN.TRAINERS (ID,NAME,SPECIALTY) values ('55','Victor Perez','Functional Training');
Insert into GYM_ADMIN.TRAINERS (ID,NAME,SPECIALTY) values ('56','Sara Ramirez','Stretching');
Insert into GYM_ADMIN.TRAINERS (ID,NAME,SPECIALTY) values ('57','Javier Rojas','Strength Training');
Insert into GYM_ADMIN.TRAINERS (ID,NAME,SPECIALTY) values ('58','Daniela Torres','Cardio');
Insert into GYM_ADMIN.TRAINERS (ID,NAME,SPECIALTY) values ('59','Raul Morales','Yoga');
Insert into GYM_ADMIN.TRAINERS (ID,NAME,SPECIALTY) values ('60','Camila Diaz','Pilates');
Insert into GYM_ADMIN.TRAINERS (ID,NAME,SPECIALTY) values ('61','Andres Lopez','Crossfit');
Insert into GYM_ADMIN.TRAINERS (ID,NAME,SPECIALTY) values ('62','Valentina Herrera','HIIT');
Insert into GYM_ADMIN.TRAINERS (ID,NAME,SPECIALTY) values ('63','Marcos Sanchez','Boxing');
Insert into GYM_ADMIN.TRAINERS (ID,NAME,SPECIALTY) values ('64','Laura Torres','Zumba');
Insert into GYM_ADMIN.TRAINERS (ID,NAME,SPECIALTY) values ('65','Felipe Ramirez','Functional Training');
Insert into GYM_ADMIN.TRAINERS (ID,NAME,SPECIALTY) values ('66','Paola Morales','Stretching');
Insert into GYM_ADMIN.TRAINERS (ID,NAME,SPECIALTY) values ('67','Hernan Gomez','Strength Training');
Insert into GYM_ADMIN.TRAINERS (ID,NAME,SPECIALTY) values ('68','Ana Torres','Cardio');
Insert into GYM_ADMIN.TRAINERS (ID,NAME,SPECIALTY) values ('69','David Rojas','Yoga');
Insert into GYM_ADMIN.TRAINERS (ID,NAME,SPECIALTY) values ('70','Isabel Martinez','Pilates');
Insert into GYM_ADMIN.TRAINERS (ID,NAME,SPECIALTY) values ('71','Sergio Perez','Crossfit');
Insert into GYM_ADMIN.TRAINERS (ID,NAME,SPECIALTY) values ('72','Lucia Morales','HIIT');
Insert into GYM_ADMIN.TRAINERS (ID,NAME,SPECIALTY) values ('73','Orlando Vargas','Boxing');
Insert into GYM_ADMIN.TRAINERS (ID,NAME,SPECIALTY) values ('74','Carolina Torres','Zumba');
Insert into GYM_ADMIN.TRAINERS (ID,NAME,SPECIALTY) values ('75','Julio Ramirez','Functional Training');
Insert into GYM_ADMIN.TRAINERS (ID,NAME,SPECIALTY) values ('76','Melissa Diaz','Stretching');
Insert into GYM_ADMIN.TRAINERS (ID,NAME,SPECIALTY) values ('77','Ricardo Herrera','Strength Training');
Insert into GYM_ADMIN.TRAINERS (ID,NAME,SPECIALTY) values ('78','Natalia Perez','Cardio');
Insert into GYM_ADMIN.TRAINERS (ID,NAME,SPECIALTY) values ('79','Jose Torres','Yoga');
Insert into GYM_ADMIN.TRAINERS (ID,NAME,SPECIALTY) values ('80','Marta Gomez','Pilates');
Insert into GYM_ADMIN.TRAINERS (ID,NAME,SPECIALTY) values ('81','Cristian Rojas','Crossfit');
Insert into GYM_ADMIN.TRAINERS (ID,NAME,SPECIALTY) values ('82','Daniela Vargas','HIIT');
Insert into GYM_ADMIN.TRAINERS (ID,NAME,SPECIALTY) values ('83','Esteban Diaz','Boxing');
Insert into GYM_ADMIN.TRAINERS (ID,NAME,SPECIALTY) values ('84','Luisa Perez','Zumba');
Insert into GYM_ADMIN.TRAINERS (ID,NAME,SPECIALTY) values ('85','Martin Morales','Functional Training');
Insert into GYM_ADMIN.TRAINERS (ID,NAME,SPECIALTY) values ('86','Laura Torres','Stretching');
Insert into GYM_ADMIN.TRAINERS (ID,NAME,SPECIALTY) values ('87','Jorge Sanchez','Strength Training');
Insert into GYM_ADMIN.TRAINERS (ID,NAME,SPECIALTY) values ('88','Camila Perez','Cardio');
Insert into GYM_ADMIN.TRAINERS (ID,NAME,SPECIALTY) values ('89','Diego Ramirez','Yoga');
Insert into GYM_ADMIN.TRAINERS (ID,NAME,SPECIALTY) values ('90','Felipe Rojas','Crossfit');
Insert into GYM_ADMIN.TRAINERS (ID,NAME,SPECIALTY) values ('91','Valeria Diaz','HIIT');
Insert into GYM_ADMIN.TRAINERS (ID,NAME,SPECIALTY) values ('92','Andres Torres','Boxing');
Insert into GYM_ADMIN.TRAINERS (ID,NAME,SPECIALTY) values ('93','Paula Sanchez','Zumba');
Insert into GYM_ADMIN.TRAINERS (ID,NAME,SPECIALTY) values ('94','Miguel Perez','Functional Training');
Insert into GYM_ADMIN.TRAINERS (ID,NAME,SPECIALTY) values ('95','Karen Ramirez','Stretching');
Insert into GYM_ADMIN.TRAINERS (ID,NAME,SPECIALTY) values ('96','Sebastian Diaz','Strength Training');
Insert into GYM_ADMIN.TRAINERS (ID,NAME,SPECIALTY) values ('97','Monica Torres','Cardio');
Insert into GYM_ADMIN.TRAINERS (ID,NAME,SPECIALTY) values ('98','Luis Gomez','Yoga');
Insert into GYM_ADMIN.TRAINERS (ID,NAME,SPECIALTY) values ('99','Sara Morales','Pilates');
Insert into GYM_ADMIN.TRAINERS (ID,NAME,SPECIALTY) values ('100','Juan Rojas','Crossfit');
Insert into GYM_ADMIN.TRAINERS (ID,NAME,SPECIALTY) values ('101','Patricia Herrera','HIIT');
Insert into GYM_ADMIN.TRAINERS (ID,NAME,SPECIALTY) values ('102','Oscar Diaz','Boxing');
Insert into GYM_ADMIN.TRAINERS (ID,NAME,SPECIALTY) values ('103','Daniel Gomez','Zumba');
Insert into GYM_ADMIN.TRAINERS (ID,NAME,SPECIALTY) values ('104','Claudia Perez','Functional Training');
Insert into GYM_ADMIN.TRAINERS (ID,NAME,SPECIALTY) values ('105','Diego Torres','Stretching');
--------------------------------------------------------
--  DDL for Index PK_ROUTINE_EXERCISES
--------------------------------------------------------

  CREATE UNIQUE INDEX "GYM_ADMIN"."PK_ROUTINE_EXERCISES" ON "GYM_ADMIN"."ROUTINE_EXERCISES" ("ROUTINE_ID", "EXERCISE_ID") 
  PCTFREE 10 INITRANS 2 MAXTRANS 255 COMPUTE STATISTICS 
  STORAGE(INITIAL 65536 NEXT 1048576 MINEXTENTS 1 MAXEXTENTS 2147483645
  PCTINCREASE 0 FREELISTS 1 FREELIST GROUPS 1
  BUFFER_POOL DEFAULT FLASH_CACHE DEFAULT CELL_FLASH_CACHE DEFAULT)
  TABLESPACE "USERS" ;
--------------------------------------------------------
--  Constraints for Table ROUTINES
--------------------------------------------------------

  ALTER TABLE "GYM_ADMIN"."ROUTINES" MODIFY ("ID" NOT NULL ENABLE);
  ALTER TABLE "GYM_ADMIN"."ROUTINES" MODIFY ("NAME" NOT NULL ENABLE);
  ALTER TABLE "GYM_ADMIN"."ROUTINES" ADD PRIMARY KEY ("ID")
  USING INDEX PCTFREE 10 INITRANS 2 MAXTRANS 255 COMPUTE STATISTICS 
  STORAGE(INITIAL 65536 NEXT 1048576 MINEXTENTS 1 MAXEXTENTS 2147483645
  PCTINCREASE 0 FREELISTS 1 FREELIST GROUPS 1
  BUFFER_POOL DEFAULT FLASH_CACHE DEFAULT CELL_FLASH_CACHE DEFAULT)
  TABLESPACE "USERS"  ENABLE;
--------------------------------------------------------
--  Constraints for Table MEMBERSHIPS
--------------------------------------------------------

  ALTER TABLE "GYM_ADMIN"."MEMBERSHIPS" MODIFY ("ID" NOT NULL ENABLE);
  ALTER TABLE "GYM_ADMIN"."MEMBERSHIPS" MODIFY ("START_DATE" NOT NULL ENABLE);
  ALTER TABLE "GYM_ADMIN"."MEMBERSHIPS" MODIFY ("END_DATE" NOT NULL ENABLE);
  ALTER TABLE "GYM_ADMIN"."MEMBERSHIPS" ADD PRIMARY KEY ("ID")
  USING INDEX PCTFREE 10 INITRANS 2 MAXTRANS 255 COMPUTE STATISTICS 
  STORAGE(INITIAL 65536 NEXT 1048576 MINEXTENTS 1 MAXEXTENTS 2147483645
  PCTINCREASE 0 FREELISTS 1 FREELIST GROUPS 1
  BUFFER_POOL DEFAULT FLASH_CACHE DEFAULT CELL_FLASH_CACHE DEFAULT)
  TABLESPACE "USERS"  ENABLE;
--------------------------------------------------------
--  Constraints for Table PLANS
--------------------------------------------------------

  ALTER TABLE "GYM_ADMIN"."PLANS" MODIFY ("ID" NOT NULL ENABLE);
  ALTER TABLE "GYM_ADMIN"."PLANS" MODIFY ("NAME" NOT NULL ENABLE);
  ALTER TABLE "GYM_ADMIN"."PLANS" MODIFY ("PRICE" NOT NULL ENABLE);
  ALTER TABLE "GYM_ADMIN"."PLANS" ADD PRIMARY KEY ("ID")
  USING INDEX PCTFREE 10 INITRANS 2 MAXTRANS 255 COMPUTE STATISTICS 
  STORAGE(INITIAL 65536 NEXT 1048576 MINEXTENTS 1 MAXEXTENTS 2147483645
  PCTINCREASE 0 FREELISTS 1 FREELIST GROUPS 1
  BUFFER_POOL DEFAULT FLASH_CACHE DEFAULT CELL_FLASH_CACHE DEFAULT)
  TABLESPACE "USERS"  ENABLE;
--------------------------------------------------------
--  Constraints for Table EXERCISES
--------------------------------------------------------

  ALTER TABLE "GYM_ADMIN"."EXERCISES" MODIFY ("ID" NOT NULL ENABLE);
  ALTER TABLE "GYM_ADMIN"."EXERCISES" MODIFY ("NAME" NOT NULL ENABLE);
  ALTER TABLE "GYM_ADMIN"."EXERCISES" ADD PRIMARY KEY ("ID")
  USING INDEX PCTFREE 10 INITRANS 2 MAXTRANS 255 COMPUTE STATISTICS 
  STORAGE(INITIAL 65536 NEXT 1048576 MINEXTENTS 1 MAXEXTENTS 2147483645
  PCTINCREASE 0 FREELISTS 1 FREELIST GROUPS 1
  BUFFER_POOL DEFAULT FLASH_CACHE DEFAULT CELL_FLASH_CACHE DEFAULT)
  TABLESPACE "USERS"  ENABLE;
--------------------------------------------------------
--  Constraints for Table ROUTINE_EXERCISES
--------------------------------------------------------

  ALTER TABLE "GYM_ADMIN"."ROUTINE_EXERCISES" ADD CONSTRAINT "PK_ROUTINE_EXERCISES" PRIMARY KEY ("ROUTINE_ID", "EXERCISE_ID")
  USING INDEX PCTFREE 10 INITRANS 2 MAXTRANS 255 COMPUTE STATISTICS 
  STORAGE(INITIAL 65536 NEXT 1048576 MINEXTENTS 1 MAXEXTENTS 2147483645
  PCTINCREASE 0 FREELISTS 1 FREELIST GROUPS 1
  BUFFER_POOL DEFAULT FLASH_CACHE DEFAULT CELL_FLASH_CACHE DEFAULT)
  TABLESPACE "USERS"  ENABLE;
--------------------------------------------------------
--  Constraints for Table MEMBERS
--------------------------------------------------------

  ALTER TABLE "GYM_ADMIN"."MEMBERS" MODIFY ("ID" NOT NULL ENABLE);
  ALTER TABLE "GYM_ADMIN"."MEMBERS" MODIFY ("NAME" NOT NULL ENABLE);
  ALTER TABLE "GYM_ADMIN"."MEMBERS" MODIFY ("EMAIL" NOT NULL ENABLE);
  ALTER TABLE "GYM_ADMIN"."MEMBERS" ADD PRIMARY KEY ("ID")
  USING INDEX PCTFREE 10 INITRANS 2 MAXTRANS 255 COMPUTE STATISTICS 
  STORAGE(INITIAL 65536 NEXT 1048576 MINEXTENTS 1 MAXEXTENTS 2147483645
  PCTINCREASE 0 FREELISTS 1 FREELIST GROUPS 1
  BUFFER_POOL DEFAULT FLASH_CACHE DEFAULT CELL_FLASH_CACHE DEFAULT)
  TABLESPACE "USERS"  ENABLE;
--------------------------------------------------------
--  Constraints for Table ATTENDANCES
--------------------------------------------------------

  ALTER TABLE "GYM_ADMIN"."ATTENDANCES" MODIFY ("ID" NOT NULL ENABLE);
  ALTER TABLE "GYM_ADMIN"."ATTENDANCES" MODIFY ("ATTENDANCE_DATE" NOT NULL ENABLE);
  ALTER TABLE "GYM_ADMIN"."ATTENDANCES" ADD PRIMARY KEY ("ID")
  USING INDEX PCTFREE 10 INITRANS 2 MAXTRANS 255 COMPUTE STATISTICS 
  STORAGE(INITIAL 65536 NEXT 1048576 MINEXTENTS 1 MAXEXTENTS 2147483645
  PCTINCREASE 0 FREELISTS 1 FREELIST GROUPS 1
  BUFFER_POOL DEFAULT FLASH_CACHE DEFAULT CELL_FLASH_CACHE DEFAULT)
  TABLESPACE "USERS"  ENABLE;
--------------------------------------------------------
--  Constraints for Table PAYMENTS
--------------------------------------------------------

  ALTER TABLE "GYM_ADMIN"."PAYMENTS" MODIFY ("ID" NOT NULL ENABLE);
  ALTER TABLE "GYM_ADMIN"."PAYMENTS" MODIFY ("AMOUNT" NOT NULL ENABLE);
  ALTER TABLE "GYM_ADMIN"."PAYMENTS" MODIFY ("PAYMENT_DATE" NOT NULL ENABLE);
  ALTER TABLE "GYM_ADMIN"."PAYMENTS" ADD PRIMARY KEY ("ID")
  USING INDEX PCTFREE 10 INITRANS 2 MAXTRANS 255 COMPUTE STATISTICS 
  STORAGE(INITIAL 65536 NEXT 1048576 MINEXTENTS 1 MAXEXTENTS 2147483645
  PCTINCREASE 0 FREELISTS 1 FREELIST GROUPS 1
  BUFFER_POOL DEFAULT FLASH_CACHE DEFAULT CELL_FLASH_CACHE DEFAULT)
  TABLESPACE "USERS"  ENABLE;
  ALTER TABLE "GYM_ADMIN"."PAYMENTS" ADD UNIQUE ("MEMBERSHIP_ID")
  USING INDEX PCTFREE 10 INITRANS 2 MAXTRANS 255 COMPUTE STATISTICS 
  STORAGE(INITIAL 65536 NEXT 1048576 MINEXTENTS 1 MAXEXTENTS 2147483645
  PCTINCREASE 0 FREELISTS 1 FREELIST GROUPS 1
  BUFFER_POOL DEFAULT FLASH_CACHE DEFAULT CELL_FLASH_CACHE DEFAULT)
  TABLESPACE "USERS"  ENABLE;
--------------------------------------------------------
--  Constraints for Table TRAINERS
--------------------------------------------------------

  ALTER TABLE "GYM_ADMIN"."TRAINERS" MODIFY ("ID" NOT NULL ENABLE);
  ALTER TABLE "GYM_ADMIN"."TRAINERS" MODIFY ("NAME" NOT NULL ENABLE);
  ALTER TABLE "GYM_ADMIN"."TRAINERS" ADD PRIMARY KEY ("ID")
  USING INDEX PCTFREE 10 INITRANS 2 MAXTRANS 255 COMPUTE STATISTICS 
  STORAGE(INITIAL 65536 NEXT 1048576 MINEXTENTS 1 MAXEXTENTS 2147483645
  PCTINCREASE 0 FREELISTS 1 FREELIST GROUPS 1
  BUFFER_POOL DEFAULT FLASH_CACHE DEFAULT CELL_FLASH_CACHE DEFAULT)
  TABLESPACE "USERS"  ENABLE;
--------------------------------------------------------
--  Ref Constraints for Table ATTENDANCES
--------------------------------------------------------

  ALTER TABLE "GYM_ADMIN"."ATTENDANCES" ADD CONSTRAINT "FK_ATTENDANCES_MEMBER" FOREIGN KEY ("MEMBER_ID")
	  REFERENCES "GYM_ADMIN"."MEMBERS" ("ID") ENABLE;
--------------------------------------------------------
--  Ref Constraints for Table MEMBERSHIPS
--------------------------------------------------------

  ALTER TABLE "GYM_ADMIN"."MEMBERSHIPS" ADD CONSTRAINT "FK_MEMBERSHIPS_MEMBER" FOREIGN KEY ("MEMBER_ID")
	  REFERENCES "GYM_ADMIN"."MEMBERS" ("ID") ENABLE;
  ALTER TABLE "GYM_ADMIN"."MEMBERSHIPS" ADD CONSTRAINT "FK_MEMBERSHIPS_PLAN" FOREIGN KEY ("PLAN_ID")
	  REFERENCES "GYM_ADMIN"."PLANS" ("ID") ENABLE;
  ALTER TABLE "GYM_ADMIN"."MEMBERSHIPS" ADD CONSTRAINT "FK_MEMBERSHIPS_TRAINER" FOREIGN KEY ("TRAINER_ID")
	  REFERENCES "GYM_ADMIN"."TRAINERS" ("ID") ENABLE;
--------------------------------------------------------
--  Ref Constraints for Table PAYMENTS
--------------------------------------------------------

  ALTER TABLE "GYM_ADMIN"."PAYMENTS" ADD CONSTRAINT "FK_PAYMENTS_MEMBERSHIP" FOREIGN KEY ("MEMBERSHIP_ID")
	  REFERENCES "GYM_ADMIN"."MEMBERSHIPS" ("ID") ENABLE;
--------------------------------------------------------
--  Ref Constraints for Table ROUTINE_EXERCISES
--------------------------------------------------------

  ALTER TABLE "GYM_ADMIN"."ROUTINE_EXERCISES" ADD CONSTRAINT "FK_RE_ROUTINE" FOREIGN KEY ("ROUTINE_ID")
	  REFERENCES "GYM_ADMIN"."ROUTINES" ("ID") ENABLE;
  ALTER TABLE "GYM_ADMIN"."ROUTINE_EXERCISES" ADD CONSTRAINT "FK_RE_EXERCISE" FOREIGN KEY ("EXERCISE_ID")
	  REFERENCES "GYM_ADMIN"."EXERCISES" ("ID") ENABLE;
--------------------------------------------------------
--  Ref Constraints for Table ROUTINES
--------------------------------------------------------

  ALTER TABLE "GYM_ADMIN"."ROUTINES" ADD CONSTRAINT "FK_ROUTINES_MEMBER" FOREIGN KEY ("MEMBER_ID")
	  REFERENCES "GYM_ADMIN"."MEMBERS" ("ID") ENABLE;
  ALTER TABLE "GYM_ADMIN"."ROUTINES" ADD CONSTRAINT "FK_ROUTINES_TRAINER" FOREIGN KEY ("TRAINER_ID")
	  REFERENCES "GYM_ADMIN"."TRAINERS" ("ID") ENABLE;
